Co-expression Signature,GO Terms,Mature Seqeunce IDs,Hallmarks of Cancer,Self Sufficiency In Growth Signals,Insensitivity To Antigrowth Signals,Evading Apoptosis,Limitless Replicative Potential,Sustained Angiogenesis,Tissue Invasion And Metastasis,Genome Instability And Mutation,Tumor Promoting Inflammation,Reprogramming Energy Metabolism,Evading Immune Detection
COID Lung Bhattacharjee_24,GO:0051384|GO:0050896|GO:0030155|GO:0007596|GO:0030036|GO:0006928|GO:0007160|GO:0030041|GO:0050900|GO:0001889|GO:0007411|GO:0008219|GO:0001525|GO:0042981|GO:0007275|GO:0007517|GO:0009653|GO:0000902|GO:0008064|GO:0045785|GO:0009966|GO:0031670|GO:0001568|GO:0001569|GO:0009611|GO:0050769|GO:0048812|GO:0048514|GO:0045765|GO:0016477|GO:0033144|GO:0009887|GO:0030154|GO:0030182|GO:0007584|GO:0006915|GO:0051017|GO:0042060|GO:0051014|GO:0008154|GO:0032956|GO:0007155|GO:0007568|GO:0022009|GO:0030168|GO:0007507|GO:0051271|GO:0007010|GO:0016192|GO:0007399|GO:0048870|GO:0051927|GO:0010269|GO:0030198|GO:0048660|GO:0002576,MIMAT0004694,9,0.93,0.93,0.90,0.81,1.00,1.00,0.81,0.85,0.37,0.85
SMCL Lung Bhattacharjee_61,GO:0019226|GO:0007599|GO:0042127|GO:0007596|GO:0048468|GO:0007610|GO:0045765|GO:0001501|GO:0007165|GO:0007166|GO:0007167|GO:0030182|GO:0007169|GO:0042445|GO:0001666|GO:0009611|GO:0048511|GO:0019058|GO:0048514|GO:0030323|GO:0019725|GO:0030595|GO:0031016|GO:0006935|GO:0031100|GO:0031960|GO:0042221|GO:0046649|GO:0043434|GO:0010033|GO:0030168|GO:0016192|GO:0021930|GO:0006082|GO:0009605|GO:0048870|GO:0016056|GO:0060395|GO:0031667|GO:0043547|GO:0042698|GO:0030198|GO:0043627|GO:0055074|GO:0007631|GO:0009893|GO:0019083|GO:0030335|GO:0006928|GO:0032940|GO:0010628|GO:0030029|GO:0010863|GO:0048878|GO:0042981|GO:0010626|GO:0044267|GO:0000904|GO:0000902|GO:0030238|GO:0001568|GO:0008406|GO:0016043|GO:0002687|GO:0043085|GO:0006366|GO:0016477|GO:0007186|GO:0048646|GO:0051272|GO:0007626|GO:0009887|GO:0034613|GO:0006629|GO:0008015|GO:0046548|GO:0006810|GO:0009888|GO:0042060|GO:0042063|GO:0006952|GO:0012501|GO:0001775|GO:0051249|GO:0006954|GO:0006955|GO:0048011|GO:0050794|GO:0002520|GO:0046903|GO:0007220|GO:0009952|GO:0046907|GO:0051605|GO:0007229|GO:0006950|GO:0009966|GO:0006694|GO:0051384|GO:0031018|GO:0050863|GO:0016310|GO:0030155|GO:0030154|GO:0046578|GO:0030301|GO:0032964|GO:0009790|GO:0009792|GO:0021554|GO:0007154|GO:0008544|GO:0022008|GO:0014070|GO:0007417|GO:0043624|GO:0009653|GO:0001944|GO:0050852|GO:0048513|GO:0006508|GO:0050867|GO:0008284|GO:0008285|GO:0048608|GO:0048609|GO:0008283|GO:0006874|GO:0043687|GO:0009987|GO:0050727|GO:0050870|GO:0045595|GO:0040011|GO:0044255|GO:0008202|GO:0050776|GO:0007568|GO:0051604|GO:0007243|GO:0009725|GO:0010574|GO:0042493|GO:0001816|GO:0045941|GO:0045944|GO:0030097|GO:0048732|GO:0050896|GO:0048545|GO:0001819|GO:0032502|GO:0051385|GO:0007507|GO:0030324|GO:0031325|GO:0050793|GO:0031589|GO:0042110|GO:0042592|GO:0050900|GO:0001889|GO:0051234|GO:0008219|GO:0001525|GO:0007275|GO:0050665|GO:0032320|GO:0050790|GO:0006013|GO:0043066|GO:0043069|GO:0002690|GO:0021910|GO:0006468|GO:0030334|GO:0009586|GO:0035054|GO:0007584|GO:0006915|GO:0006464|GO:0022414|GO:0007268|GO:0007155|GO:0007266|GO:0007265|GO:0007264|GO:0008610|GO:0035023|GO:0009628|GO:0048699|GO:0051270|GO:0007399|GO:0044237|GO:0035295|GO:0010518|GO:0006796|GO:0051591|GO:0007267|GO:0016032|GO:0006415|GO:0006414|GO:0006886|GO:0045893,MIMAT0000760,9,1.00,1.00,1.00,0.81,1.00,1.00,0.85,1.00,0.79,1.00
AC Brain Sun_5,GO:0019730|GO:0050867|GO:0042110|GO:0006928|GO:0045580|GO:0050900|GO:0002925|GO:0008219|GO:0042981|GO:0002443|GO:0001568|GO:0043304|GO:0043065|GO:0002367|GO:0042508|GO:0032729|GO:0042108|GO:0030217|GO:0006917|GO:0045087|GO:0006915|GO:0050870|GO:0002710|GO:0006950|GO:0051249|GO:0050863|GO:0006954|GO:0006955|GO:0042088|GO:0006959|GO:0006952|GO:0050777|GO:0050776|GO:0009607|GO:0050731|GO:0050896|GO:0001816|GO:0030198|GO:0030097|GO:0001819,MIMAT0003307|MIMAT0002840,8,0.93,0.93,0.90,0.51,0.88,0.99,0.83,1.00,0.48,1.00
GCT Seminoma Korkola_4,GO:0030301|GO:0042127|GO:0006631|GO:0045907|GO:0019221|GO:0048589|GO:0042493|GO:0007596|GO:0046022|GO:0007610|GO:0006928|GO:0006940|GO:0050900|GO:0050901|GO:0007165|GO:0007166|GO:0019915|GO:0050829|GO:0045444|GO:0032496|GO:0001525|GO:0050651|GO:0007275|GO:0034097|GO:0032091|GO:0050728|GO:0050729|GO:0016044|GO:0009617|GO:0000165|GO:0009611|GO:0009612|GO:0002687|GO:0048514|GO:0045765|GO:0016477|GO:0019371|GO:0008284|GO:0008285|GO:0006469|GO:0006935|GO:0008283|GO:0006916|GO:0032570|GO:0050727|GO:0050873|GO:0042060|GO:0006952|GO:0006953|GO:0006950|GO:0051591|GO:0006954|GO:0006955|GO:0002526|GO:0007157|GO:0006959|GO:0007263|GO:0045807|GO:0030168|GO:0006897|GO:0007243|GO:0050653|GO:0010575|GO:0010574|GO:0008015|GO:0001816|GO:0045941|GO:0045944|GO:0002690|GO:0048246|GO:0032374|GO:0030193|GO:0010759|GO:0051384|GO:0051412,MIMAT0000729|MIMAT0002172|MIMAT0000720,8,1.00,1.00,0.94,0.52,1.00,1.00,0.83,0.95,0.48,0.95
ME Melanoma Hoek_50,GO:0019226|GO:0008104|GO:0007599|GO:0019221|GO:0051234|GO:0015721|GO:0007596|GO:0048468|GO:0048771|GO:0007610|GO:0007611|GO:0008064|GO:0001501|GO:0001502|GO:0001503|GO:0050920|GO:0007165|GO:0007166|GO:0007167|GO:0007169|GO:0055082|GO:0048665|GO:0042445|GO:0042446|GO:0009968|GO:0009966|GO:0009611|GO:0018193|GO:0048513|GO:0048514|GO:0010720|GO:0014075|GO:0006171|GO:0042127|GO:0030154|GO:0015844|GO:0006935|GO:0006936|GO:0006939|GO:0051291|GO:0042327|GO:0030166|GO:0042221|GO:0046649|GO:0042755|GO:0048144|GO:0050856|GO:0010033|GO:0042325|GO:0002507|GO:0009607|GO:0016192|GO:0009605|GO:0048870|GO:0019538|GO:0060395|GO:0031667|GO:0016051|GO:0002376|GO:0030199|GO:0030198|GO:0035108|GO:0055074|GO:0007631|GO:0009892|GO:0009893|GO:0055065|GO:0051101|GO:0030335|GO:0006928|GO:0032943|GO:0032940|GO:0006807|GO:0019932|GO:0045778|GO:0046651|GO:0007530|GO:0044267|GO:0000904|GO:0044262|GO:0000902|GO:0045941|GO:0030238|GO:0001568|GO:0050793|GO:0006366|GO:0016477|GO:0007186|GO:0007187|GO:0048646|GO:0048705|GO:0007626|GO:0009887|GO:0006629|GO:0009308|GO:0008015|GO:0006810|GO:0009888|GO:0042060|GO:0042063|GO:0006952|GO:0012501|GO:0001775|GO:0051249|GO:0006954|GO:0009266|GO:0042632|GO:0006959|GO:0002520|GO:0007223|GO:0042733|GO:0046903|GO:0009952|GO:0046907|GO:0022414|GO:0050650|GO:0006950|GO:0006357|GO:0006694|GO:0051384|GO:0006024|GO:0008152|GO:0050863|GO:0051246|GO:0009314|GO:0050801|GO:0006955|GO:0050804|GO:0032964|GO:0009790|GO:0034641|GO:0009792|GO:0010001|GO:0032963|GO:0007411|GO:0008544|GO:0035295|GO:0007417|GO:0050767|GO:0030203|GO:0016064|GO:0030819|GO:0009653|GO:0030817|GO:0030814|GO:0001944|GO:0045746|GO:0032956|GO:0042110|GO:0050867|GO:0008284|GO:0008285|GO:0060173|GO:0048609|GO:0048332|GO:0008283|GO:0030010|GO:0043687|GO:0009987|GO:0046058|GO:0045597|GO:0045596|GO:0032870|GO:0051270|GO:0030036|GO:0007409|GO:0044255|GO:0014061|GO:0043009|GO:0008202|GO:0032268|GO:0006082|GO:0045321|GO:0009725|GO:0010575|GO:0010574|GO:0042493|GO:0030802|GO:0001816|GO:0001817|GO:0010628|GO:0045944|GO:0030098|GO:0032570|GO:0008217|GO:0050896|GO:0048545|GO:0001819|GO:0032502|GO:0009187|GO:0051024|GO:0030326|GO:0030030|GO:0031325|GO:0070091|GO:0042113|GO:0019752|GO:0060348|GO:0042592|GO:0050900|GO:0001889|GO:0010820|GO:0060070|GO:0001525|GO:0007275|GO:0001649|GO:0043501|GO:0007389|GO:0030832|GO:0050878|GO:0048846|GO:0048708|GO:0048812|GO:0031960|GO:0043588|GO:0002690|GO:0048667|GO:0006468|GO:0030334|GO:0030182|GO:0007586|GO:0007584|GO:0034613|GO:0006913|GO:0006464|GO:0010817|GO:0015031|GO:0007268|GO:0007267|GO:0007154|GO:0022008|GO:0002443|GO:0009056|GO:0008610|GO:0040011|GO:0045184|GO:0048699|GO:0040012|GO:0005975|GO:0051272|GO:0007399|GO:0007398|GO:0045595|GO:0044237|GO:0044236|GO:0006066|GO:0010518|GO:0051591|GO:0014850|GO:0010759|GO:0001932|GO:0006886|GO:0045893,MIMAT0003285,8,1.00,1.00,0.87,0.53,0.92,1.00,0.83,0.95,0.79,0.95
CA Bladder Dyrskjot_82,GO:0019221|GO:0050867|GO:0042982|GO:0030335|GO:0042110|GO:0006928|GO:0050900|GO:0001503|GO:0007166|GO:0060326|GO:0001525|GO:0006935|GO:0009653|GO:0009615|GO:0001568|GO:0001944|GO:0009611|GO:0051270|GO:0048514|GO:0016477|GO:0031295|GO:0042127|GO:0007626|GO:0009887|GO:0030334|GO:0030593|GO:0006629|GO:0008283|GO:0050793|GO:0060337|GO:0009987|GO:0042060|GO:0006952|GO:0006950|GO:0046649|GO:0050863|GO:0006954|GO:0006955|GO:0007155|GO:0042221|GO:0044255|GO:0030514|GO:0030595|GO:0040011|GO:0002504|GO:0050776|GO:0009607|GO:0051272|GO:0009605|GO:0048870|GO:0050896|GO:0042493|GO:0001775|GO:0001816|GO:0030198|GO:0050870|GO:0048646|GO:0033194|GO:0050778|GO:0051249|GO:0001819,MIMAT0003332|MIMAT0002853,7,0.94,0.93,0.59,0.51,0.92,1.00,0.83,1.00,0.49,1.00
CA Colon Graudens_40,GO:0042127|GO:0008285|GO:0002756|GO:0034138|GO:0008283|GO:0043687|GO:0006915|GO:0009611|GO:0006464|GO:0006950|GO:0007165|GO:0034142|GO:0008063|GO:0002224|GO:0044267|GO:0008219|GO:0042981,MIMAT0002879|MIMAT0003221|MIMAT0000721,7,1.00,1.00,0.90,0.51,0.46,0.96,0.83,0.93,0.48,0.93
COID Lung Bhattacharjee_92,GO:0032502|GO:0031018|GO:0030336|GO:0019083|GO:0006928|GO:0030334|GO:0007165|GO:0007166|GO:0042221|GO:0001525|GO:0007275|GO:0042273|GO:0044267|GO:0042446|GO:0042274|GO:0042127|GO:0001568|GO:0009611|GO:0016043|GO:0019058|GO:0048514|GO:0006364|GO:0016477|GO:0048646|GO:0008284|GO:0008285|GO:0009887|GO:0006700|GO:0048608|GO:0008283|GO:0050793|GO:0007584|GO:0050790|GO:0042060|GO:0042254|GO:0006950|GO:0006955|GO:0007154|GO:0010033|GO:0051271|GO:0009725|GO:0050896|GO:0045595|GO:0016032|GO:0006415|GO:0006414|GO:0006412|GO:0048545,MIMAT0004970,7,1.00,1.00,0.61,0.51,0.92,1.00,0.85,0.95,0.49,0.95
MPM Mesothelioma Gordon_5,GO:0042127|GO:0051384|GO:0045765|GO:0045428|GO:0032494|GO:0032496|GO:0001525|GO:0044245|GO:0034097|GO:0009617|GO:0009611|GO:0009612|GO:0002687|GO:0016477|GO:0048644|GO:0008284|GO:0006935|GO:0006916|GO:0060055|GO:0045597|GO:0006954|GO:0006955|GO:0006952|GO:0010574|GO:0002690|GO:0010759,MIMAT0003271,7,1.00,0.91,0.94,0.42,1.00,1.00,0.74,0.95,0.39,0.95
AD Lung Beer_32,GO:0010574|GO:0007599|GO:0048568|GO:0007596|GO:0030335|GO:0006928|GO:0001501|GO:0050900|GO:0030334|GO:0007165|GO:0007166|GO:0019915|GO:0045444|GO:0048870|GO:0001525|GO:0007275|GO:0014070|GO:0032091|GO:0050728|GO:0009653|GO:0001568|GO:0043410|GO:0009611|GO:0002687|GO:0048514|GO:0016477|GO:0042127|GO:0008285|GO:0009887|GO:0030154|GO:0006935|GO:0008283|GO:0008015|GO:0007585|GO:0050727|GO:0050873|GO:0042060|GO:0006952|GO:0045595|GO:0006954|GO:0006955|GO:0006959|GO:0030168|GO:0042325|GO:0001570|GO:0042326|GO:0006897|GO:0031623|GO:0009790|GO:0007565|GO:0007566|GO:0006898|GO:0045597|GO:0051150|GO:0001816|GO:0051272|GO:0070374|GO:0051384|GO:0002576|GO:0051412,MIMAT0003332,6,1.00,1.00,0.61,0.43,1.00,1.00,0.75,0.95,0.40,0.95
AD Ovarian Welsh_16,GO:0000084|GO:0000082|GO:0006805|GO:0009410|GO:0009411|GO:0051439|GO:0006091|GO:0051436|GO:0042981|GO:0008219|GO:0007049|GO:0007346|GO:0043161|GO:0006521|GO:0006520|GO:0055114|GO:0000278|GO:0009308|GO:0006915|GO:0006725|GO:0000216|GO:0031145|GO:0006974|GO:0006950|GO:0006977|GO:0030163|GO:0008152|GO:0043627|GO:0046100|GO:0008202|GO:0051603|GO:0000718|GO:0006576|GO:0051726|GO:0046390|GO:0034641|GO:0006511|GO:0016032|GO:0051437,MIMAT0005889,6,0.82,0.96,0.90,0.58,0.31,0.85,0.97,0.65,0.81,0.65
AD Ovarian Welsh_26,GO:0006968|GO:0019221|GO:0007596|GO:0030889|GO:0042110|GO:0006928|GO:0050900|GO:0007165|GO:0007166|GO:0044419|GO:0008219|GO:0042981|GO:0002474|GO:0009615|GO:0009617|GO:0043065|GO:0002690|GO:0019882|GO:0008283|GO:0009306|GO:0006917|GO:0006915|GO:0042100|GO:0006952|GO:0060333|GO:0060337|GO:0006954|GO:0006955|GO:0006959|GO:0030168|GO:0050776|GO:0051607|GO:0045672|GO:0001916|GO:0001915,MIMAT0000267,6,1.00,1.00,0.90,0.43,0.50,0.99,0.75,1.00,0.48,1.00
B-CLL Leukemia Haslinger_9,GO:0006952|GO:0045086|GO:0042089|GO:0050863|GO:0007596|GO:0009611|GO:0042060|GO:0001816|GO:0006950|GO:0050776|GO:0007165|GO:0007166|GO:0006955|GO:0030193|GO:0031295|GO:0030168|GO:0042108,MIMAT0005897|MIMAT0019950,6,1.00,1.00,0.58,0.51,0.50,1.00,0.83,1.00,0.48,1.00
END Ovarian Hendrix_58,GO:0006968|GO:0042110|GO:0050862|GO:0045580|GO:0050900|GO:0007165|GO:0007166|GO:0051249|GO:0030217|GO:0048535|GO:0031295|GO:0050851|GO:0050852|GO:0050853|GO:0006935|GO:0019722|GO:0006874|GO:0042100|GO:0050870|GO:0006952|GO:0006950|GO:0046649|GO:0050863|GO:0006954|GO:0006955|GO:0007154|GO:0050776|GO:0007204|GO:0030097,MIMAT0003290,6,1.00,1.00,0.58,0.51,0.55,0.90,0.83,1.00,0.48,1.00
GL Brain Rickman_15,GO:0042127|GO:0008285|GO:0042089|GO:0050896|GO:0042493|GO:0009611|GO:0042060|GO:0006950|GO:0007165|GO:0006955,MIMAT0002178,6,1.00,1.00,0.61,0.51,0.42,1.00,0.83,0.95,0.48,0.95
IDC Breast Radvanyi_24,GO:0006922|GO:0050863|GO:0007596|GO:0046633|GO:0018108|GO:0050862|GO:0050900|GO:0007165|GO:0007166|GO:0045058|GO:0045059|GO:0002286|GO:0009615|GO:0050849|GO:0019722|GO:0031295|GO:0050850|GO:0050851|GO:0050852|GO:0050776|GO:0030217|GO:0045086|GO:0050690|GO:0042102|GO:0006952|GO:0006950|GO:0046649|GO:0042110|GO:0006954|GO:0006955|GO:0007154|GO:0045060|GO:0050896|GO:0051249|GO:0045730|GO:0050870|GO:0030097,MIMAT0005881,6,1.00,1.00,0.58,0.51,0.52,0.99,0.83,1.00,0.48,1.00
AD Lung Bhattacharjee_41,GO:0051384|GO:0016337|GO:0030036|GO:0006928|GO:0007155|GO:0050900|GO:0042744|GO:0007165|GO:0009653|GO:0000902|GO:0001568|GO:0009611|GO:0048513|GO:0016477|GO:0002040|GO:0002042|GO:0042127|GO:0008285|GO:0009887|GO:0030334|GO:0008283|GO:0006461|GO:0051492|GO:0060055|GO:0003007|GO:0006950|GO:0032956|GO:0030041|GO:0051259|GO:0007015|GO:0042542|GO:0009725|GO:0050896|GO:0048870|GO:0042493|GO:0048545|GO:0043116,MIMAT0000690,5,1.00,1.00,0.61,0.53,0.88,1.00,0.83,0.76,0.48,0.76
AD Lung Stearman_19,GO:0042127|GO:0030154|GO:0009887|GO:0006928|GO:0050900|GO:0007165|GO:0007166|GO:0007167|GO:0001525|GO:0007275|GO:0009653|GO:0000902|GO:0001568|GO:0008283|GO:0000165|GO:0009611|GO:0048513|GO:0048514|GO:0016477|GO:0008284|GO:0030336|GO:0006468|GO:0006937|GO:0008015|GO:0042325|GO:0017015|GO:0042060|GO:0006950|GO:0042221|GO:0007154|GO:0007179|GO:0040011|GO:0001570|GO:0051271|GO:0042326|GO:0048870|GO:0060394|GO:0050896|GO:0006796|GO:0030900|GO:0001933|GO:0001932|GO:0016525,MIMAT0000722,5,1.00,1.00,0.58,0.51,1.00,1.00,0.83,0.76,0.49,0.76
AD Ovarian Welsh_1,GO:0008584|GO:0030509|GO:0010628|GO:0051412|GO:0007275|GO:0014070|GO:0045941|GO:0009636|GO:0006979|GO:0043066|GO:0006366|GO:0032569|GO:0043069|GO:0010468|GO:0042127|GO:0008285|GO:0048662|GO:0008283|GO:0042060|GO:0048168|GO:0006950|GO:0045893|GO:0008152|GO:0030041|GO:0007611|GO:0010033|GO:0007179|GO:0001300|GO:0009725|GO:0050896|GO:0060213|GO:0006355|GO:0006357|GO:0060395,MIMAT0003323,5,0.94,1.00,1.00,0.62,0.60,1.00,0.83,0.76,0.48,0.76
AD Ovarian Welsh_4,GO:0002504|GO:0019882|GO:0050776|GO:0007166|GO:0002540|GO:0009611|GO:0050778|GO:0006952|GO:0060333|GO:0050852|GO:0007165|GO:0006954|GO:0006955|GO:0019372|GO:0031295|GO:0019221,MIMAT0001341,5,1.00,1.00,0.58,0.43,0.50,0.96,0.75,1.00,0.48,1.00
B-CLL Leukemia Haslinger_27,GO:0006986|GO:0009607|GO:0008283|GO:0000079|GO:0006915|GO:0006950|GO:0051726|GO:0045926|GO:0006334|GO:0007049,MIMAT0004957,5,0.92,0.98,0.87,0.51,0.24,0.85,0.83,0.65,0.48,0.65
CA Renal Higgins_20,GO:0002504|GO:0019882|GO:0050776|GO:0019221|GO:0009615|GO:0050896|GO:0009611|GO:0042110|GO:0006952|GO:0060333|GO:0051249|GO:0050870|GO:0007165|GO:0006955|GO:0060337|GO:0031295|GO:0044419,MIMAT0005913,5,1.00,1.00,0.58,0.43,0.42,0.96,0.75,1.00,0.48,1.00
GL Brain Rickman_8,GO:0051384|GO:0008285|GO:0007613|GO:0007611|GO:0007165|GO:0032496|GO:0001661|GO:0014070|GO:0009636|GO:0007626|GO:0006935|GO:0031622|GO:0008283|GO:0006874|GO:0050806|GO:0006952|GO:0060213|GO:0008306|GO:0006954|GO:0006955|GO:0007154|GO:0006959|GO:0032225|GO:0009607|GO:0007243|GO:0009725|GO:0010243|GO:0010574|GO:0017085|GO:0010575,MIMAT0003304,5,1.00,1.00,0.61,0.63,0.52,0.89,0.75,0.95,0.40,0.95
HSCC Head-Neck Chung_9,GO:0006935|GO:0060326|GO:0009611|GO:0006928|GO:0006952|GO:0050900|GO:0007165|GO:0007166|GO:0006955|GO:0007154|GO:0010759|GO:0016477|GO:0048246,MIMAT0004926,5,1.00,1.00,0.58,0.43,0.52,1.00,0.75,0.95,0.40,0.95
HSCC Head-Neck Cromer_10,GO:0044419|GO:0019221|GO:0009615|GO:0006334|GO:0006952|GO:0060333|GO:0006977|GO:0007165|GO:0007166|GO:0006955|GO:0060337|GO:0051607,MIMAT0002833,5,1.00,1.00,0.58,0.43,0.50,0.76,0.81,0.95,0.48,0.95
SMCL Lung Bhattacharjee_41,GO:0002504|GO:0050776|GO:0050896|GO:0006952|GO:0060333|GO:0006954|GO:0006955|GO:0031295|GO:0006740,MIMAT0002823,5,0.93,0.93,0.43,0.42,0.40,0.85,0.74,1.00,0.39,1.00
AD Lung Beer_35,GO:0042127|GO:0030324|GO:0022601|GO:0048146|GO:0048145|GO:0006928|GO:0001501|GO:0009653|GO:0007275|GO:0001525|GO:0000902|GO:0001568|GO:0009611|GO:0048514|GO:0010463|GO:0008284|GO:0006936|GO:0008283|GO:0008015|GO:0042063|GO:0042060|GO:0006956|GO:0007155|GO:0006958|GO:0031069|GO:0040007|GO:0050678|GO:0030539|GO:0001837|GO:0030198|GO:0043627|GO:0002576,MIMAT0000279,4,1.00,0.91,0.42,0.42,0.92,1.00,0.71,0.79,0.37,0.79
GL Brain Rickman_31,GO:0060346|GO:0048630|GO:0031017|GO:0030154|GO:0006928|GO:0032964|GO:0001501|GO:0001503|GO:0060324|GO:0009653|GO:0007275|GO:0008544|GO:0010560|GO:0008645|GO:0001568|GO:0015758|GO:0016477|GO:0043588|GO:0008284|GO:0009887|GO:0030238|GO:0007584|GO:0070208|GO:0051291|GO:0001957|GO:0043491|GO:0030199|GO:0030198|GO:0001934,MIMAT0000063|MIMAT0000064|MIMAT0000062|MIMAT0000067|MIMAT0000414|MIMAT0000065|MIMAT0000066|MIMAT0000415|MIMAT0000096,4,1.00,0.86,0.37,0.42,0.88,1.00,0.55,0.44,0.22,0.44
AD Lung Beer_24,GO:0050766|GO:0006935|GO:0002576|GO:0009611|GO:0007610|GO:0006950,MIMAT0003948,4,0.82,0.82,0.31,0.51,0.24,0.96,0.83,0.65,0.48,0.65
AD Lung Bhattacharjee_49,GO:0002504|GO:0019882|GO:0050776|GO:0019221|GO:0050852|GO:0060333|GO:0007165|GO:0007166|GO:0006955|GO:0031295,MIMAT0003231,4,1.00,1.00,0.58,0.43,0.50,0.66,0.75,1.00,0.48,1.00
B-CLL Leukemia Haslinger_23,GO:0060334|GO:0000084|GO:0051603|GO:0000082|GO:0051439|GO:0044237|GO:0050434|GO:0051436|GO:0051437|GO:0006139|GO:0043161|GO:0006521|GO:0044419|GO:0010467|GO:0006367|GO:0006366|GO:0006369|GO:0006508|GO:0008380|GO:0006915|GO:0030330|GO:0009987|GO:0000216|GO:0031145|GO:0006974|GO:0000375|GO:0006977|GO:0030163|GO:0008152|GO:0006368|GO:0022904|GO:0016925|GO:0042770|GO:0016070|GO:0016071|GO:0051443|GO:0065004|GO:0000398|GO:0006405|GO:0006511|GO:0016032|GO:0006397,MIMAT0005919,4,0.84,0.84,0.87,0.58,0.38,0.70,0.97,0.63,0.70,0.63
CA Breast Sorlie_17,GO:0002474|GO:0019060|GO:0050776|GO:0009607|GO:0019221|GO:0044419|GO:0060333|GO:0051607|GO:0009615|GO:0050896|GO:0019882|GO:0006952|GO:0006513|GO:0060337|GO:0016032|GO:0006955|GO:0032020,MIMAT0003310,4,0.93,0.93,0.43,0.42,0.40,0.76,0.74,1.00,0.48,1.00
COID Lung Bhattacharjee_36,GO:0042127|GO:0030336|GO:0030334|GO:0000902|GO:0006936|GO:0006937|GO:0001568|GO:0008283|GO:0017015|GO:0001822|GO:0008277|GO:0048513|GO:0007165|GO:0007166|GO:0007155|GO:0007275,MIMAT0004912,4,1.00,1.00,0.58,0.43,0.88,1.00,0.75,0.69,0.40,0.69
END Ovarian Hendrix_6,GO:0007517|GO:0031589|GO:0001568|GO:0030154|GO:0017015|GO:0001822|GO:0006928|GO:0001501|GO:0030199|GO:0001503|GO:0007167|GO:0007155|GO:0030512|GO:0009653|GO:0007275|GO:0007179|GO:0030198,MIMAT0004912|MIMAT0000100|MIMAT0000681|MIMAT0000086,4,0.84,0.84,0.42,0.42,0.88,1.00,0.59,0.55,0.24,0.55
GCT Seminoma Korkola_102,GO:0050776|GO:0050863|GO:0045087|GO:0050670|GO:0042110|GO:0042102|GO:0006952|GO:0046649|GO:0045954|GO:0007165|GO:0007166|GO:0006955|GO:0007154|GO:0043366|GO:0001909,MIMAT0000443|MIMAT0000423|MIMAT0000255,4,1.00,1.00,0.58,0.43,0.52,0.76,0.75,1.00,0.40,1.00
GL Brain Rickman_26,GO:0006950,MIMAT0007347,4,0.82,0.82,0.31,0.51,0.24,0.85,0.83,0.65,0.48,0.65
HSCC Head-Neck Chung_1,GO:0042127|GO:0033138|GO:0030325|GO:0060346|GO:0030154|GO:0048705|GO:0030335|GO:0006928|GO:0007160|GO:0001501|GO:0001503|GO:0060325|GO:0060324|GO:0007166|GO:0031175|GO:0007411|GO:0009653|GO:0030178|GO:0008544|GO:0009968|GO:0001568|GO:0007275|GO:0016477|GO:0008218|GO:0008284|GO:0009887|GO:0030334|GO:0030182|GO:0008283|GO:0007155|GO:0030514|GO:0030512|GO:0032964|GO:0042327|GO:0050678|GO:0050679|GO:0001957|GO:0016055|GO:0030199|GO:0030198|GO:0001934,MIMAT0004909|MIMAT0000100|MIMAT0000681|MIMAT0003882|MIMAT0000086,4,1.00,1.00,0.63,0.42,0.88,1.00,0.71,0.73,0.33,0.73
MM Myeloma Zhan_29,GO:0044419|GO:0019221|GO:0009615|GO:0006334|GO:0006952|GO:0060333|GO:0007165|GO:0007166|GO:0065004|GO:0042981|GO:0060337,MIMAT0004957,4,1.00,1.00,0.90,0.43,0.50,0.76,0.81,0.69,0.48,0.69
MM Myeloma Zhan_47,GO:0034641|GO:0006950|GO:0006520|GO:0051384|GO:0007584,MIMAT0004923|MIMAT0003325,4,0.82,0.82,0.47,0.51,0.25,0.85,0.83,0.65,0.48,0.65
MM Myeloma Zhan_49,GO:0009887|GO:0009605|GO:0048870|GO:0050896|GO:0007202|GO:0009611|GO:0006928|GO:0006950|GO:0048513|GO:0007166|GO:0014070,MIMAT0000430,4,0.93,0.93,0.51,0.51,0.60,1.00,0.83,0.76,0.48,0.76
MPM Mesothelioma Gordon_7,GO:0044419|GO:0019060|GO:0009607|GO:0019221|GO:0051603|GO:0009615|GO:0060337|GO:0019941|GO:0006952|GO:0060333|GO:0032480|GO:0007165|GO:0007166|GO:0006955|GO:0032020,MIMAT0002835,4,1.00,1.00,0.58,0.43,0.50,0.76,0.75,0.95,0.56,0.95
SMCL Lung Bhattacharjee_36,GO:0045444|GO:0051384|GO:0030154|GO:0031589|GO:0030036|GO:0006928|GO:0030509|GO:0031175|GO:0007411|GO:0009653|GO:0007275|GO:0002009|GO:0007517|GO:0001822|GO:0042127|GO:0009887|GO:0032507|GO:0006936|GO:0017015|GO:0045595|GO:0048041|GO:0010038|GO:0001657|GO:0007155|GO:0045807|GO:0007179|GO:0042325|GO:0051271|GO:0007010|GO:0010269|GO:0010886|GO:0034394|GO:0001933|GO:0043116,MIMAT0000690,4,0.94,0.91,0.48,0.47,0.73,1.00,0.81,0.55,0.26,0.55
SQ Lung Bhattacharjee_13,GO:0051384|GO:0007599|GO:0007596|GO:0030036|GO:0006928|GO:0008064|GO:0007155|GO:0007411|GO:0009653|GO:0007275|GO:0000902|GO:0030837|GO:0002576|GO:0009611|GO:0016043|GO:0016477|GO:0042127|GO:0008285|GO:0030334|GO:0008283|GO:0051017|GO:0042060|GO:0008154|GO:0032956|GO:0030041|GO:0042632|GO:0055088|GO:0051271|GO:0007010|GO:0016192|GO:0048870|GO:0042493|GO:0010884,MIMAT0000690,4,0.94,1.00,0.61,0.53,0.70,1.00,0.85,0.53,0.37,0.53
SRS Ovarian Hendrix_14,GO:0048705|GO:0030154|GO:0006928|GO:0001501|GO:0001503|GO:0009653|GO:0007275|GO:0000904|GO:0001568|GO:0009611|GO:0048514|GO:0030855|GO:0010761|GO:0008218|GO:0051918|GO:0042127|GO:0008285|GO:0009887|GO:0008283|GO:0017015|GO:0007155|GO:0030512|GO:0007179|GO:0031638|GO:0016477|GO:0048870|GO:0001957|GO:0002544|GO:0030198|GO:0010757|GO:0001525|GO:0030195,MIMAT0005880,4,0.94,1.00,0.61,0.42,0.92,1.00,0.71,0.55,0.37,0.55
TU Prostate Lapointe_25,GO:0006468|GO:0006915|GO:0009611|GO:0007165|GO:0008219|GO:0007263,MIMAT0000425,4,1.00,1.00,0.87,0.43,0.42,0.96,0.75,0.69,0.40,0.69
SRS Ovarian Hendrix_24,GO:0009611|GO:0006952|GO:0006954|GO:0006955|GO:0006958|GO:0006959,MIMAT0003305,3,0.74,0.74,0.23,0.42,0.24,0.96,0.74,0.95,0.39,0.95
AD Lung Stearman_36,GO:0050896|GO:0006935,MIMAT0005923|MIMAT0019059,3,0.93,0.93,0.43,0.40,0.35,0.89,0.72,0.76,0.37,0.76
AD Ovarian Welsh_14,GO:0016071|GO:0000387|GO:0006457|GO:0000278|GO:0000075|GO:0006521|GO:0008334|GO:0051716|GO:0000398|GO:0006974|GO:0000375|GO:0044237|GO:0008152|GO:0006369|GO:0034660|GO:0008380|GO:0006396|GO:0006397,MIMAT0004701,3,0.98,0.98,0.58,0.58,0.40,0.70,0.97,0.71,0.55,0.71
AD Ovarian Welsh_20,GO:0018149|GO:0030154|GO:0048771|GO:0006928|GO:0007160|GO:0001501|GO:0001503|GO:0031175|GO:0007411|GO:0009653|GO:0007275|GO:0000904|GO:0001568|GO:0009611|GO:0009612|GO:0016477|GO:0043588|GO:0009887|GO:0030334|GO:0001525|GO:0009888|GO:0042060|GO:0031214|GO:0007155|GO:0051128|GO:0032964|GO:0001957|GO:0007229|GO:0042246|GO:0030199|GO:0030198|GO:0048545,MIMAT0003882,3,0.75,0.80,0.37,0.55,0.92,1.00,0.71,0.53,0.37,0.53
CA Bladder Dyrskjot_18,GO:0048666|GO:0030182|GO:0030814|GO:0007268|GO:0007520|GO:0031175|GO:0030252|GO:0007411|GO:0007267|GO:0007154|GO:0007186|GO:0021984,MIMAT0005881,3,0.87,0.85,0.38,0.25,0.52,0.83,0.71,0.49,0.37,0.49
CA Breast Sorlie_23,GO:0014829|GO:0051384|GO:0034372|GO:0007497|GO:0051246|GO:0030155|GO:0043491|GO:0048469|GO:0006928|GO:0042592|GO:0046888|GO:0008217|GO:0007165|GO:0007166|GO:0019915|GO:0042310|GO:0007169|GO:0007275|GO:0043268|GO:0007517|GO:0042127|GO:0002576|GO:0006641|GO:0000165|GO:0010828|GO:0045725|GO:0016477|GO:0008284|GO:0030334|GO:0006629|GO:0006936|GO:0008283|GO:0008015|GO:0046326|GO:0032870|GO:0007155|GO:0007266|GO:0046486|GO:0030301|GO:0042325|GO:0051272|GO:0042327|GO:0006897|GO:0016192|GO:0007243|GO:0046628|GO:0009725|GO:0042632|GO:0034381|GO:0042493|GO:0050892|GO:0033344|GO:0032570|GO:0045807|GO:0001932|GO:0001935,MIMAT0004748,3,1.00,1.00,0.58,0.52,0.62,1.00,0.75,0.69,0.61,0.69
CA Colon Graudens_35,GO:0060192|GO:0034375|GO:0034372|GO:0006869|GO:0007596|GO:0030300|GO:0030301|GO:0006805|GO:0034641|GO:0010903|GO:0010873|GO:0002740|GO:0014070|GO:0042157|GO:0019441|GO:0016064|GO:0050667|GO:0009750|GO:0032375|GO:0002576|GO:0034370|GO:0009611|GO:0002682|GO:0006508|GO:0051918|GO:0033700|GO:0043691|GO:0042632|GO:0045087|GO:0031000|GO:0048261|GO:0006952|GO:0006953|GO:0008228|GO:0006956|GO:0006957|GO:0006954|GO:0006955|GO:0002526|GO:0006958|GO:0006959|GO:0010033|GO:0030168|GO:0008652|GO:0042730|GO:0050776|GO:0006082|GO:0034382|GO:0034380|GO:0042493|GO:0034384|GO:0006066|GO:0033344|GO:0009086|GO:0006000|GO:0006001|GO:0030195|GO:0006069,MIMAT0000771,3,0.75,0.75,0.47,0.42,0.40,0.99,0.75,1.00,0.79,1.00
END Ovarian Hendrix_41,GO:0008284|GO:0030335|GO:0000904|GO:0050678|GO:0030182|GO:0008283|GO:0009725|GO:0007584|GO:0030154|GO:0048468|GO:0007267|GO:0002062|GO:0043434|GO:0009653|GO:0009790|GO:0007275|GO:0001649,MIMAT0004701,3,1.00,0.89,0.37,0.42,0.70,0.87,0.66,0.49,0.34,0.49
GCT Seminoma Korkola_93,GO:0008284|GO:0009887|GO:0001568|GO:0048771|GO:0042221|GO:0009653,MIMAT0003310|MIMAT0004614,3,1.00,0.86,0.36,0.32,0.88,0.65,0.60,0.64,0.49,0.64
GL Brain Rickman_16,GO:0034134|GO:0034138|GO:0016310|GO:0007268|GO:0007612|GO:0034130|GO:0007611|GO:0048011|GO:0001505|GO:0042428|GO:0008063|GO:0006091|GO:0030073|GO:0033572|GO:0003056|GO:0060402|GO:0046034|GO:0016188|GO:0070296|GO:0000165|GO:0006540|GO:0051209|GO:0048812|GO:0006812|GO:0019550|GO:0048489|GO:0031175|GO:0006119|GO:0008286|GO:0014808|GO:0010881|GO:0030182|GO:0006874|GO:0006811|GO:0006810|GO:0006816|GO:0006873|GO:0050796|GO:0034142|GO:0034220|GO:0045859|GO:0051403|GO:0030431|GO:0007269|GO:0006836|GO:0007267|GO:0046903|GO:0022008|GO:0055085|GO:0055086|GO:0051602|GO:0002755|GO:0002756|GO:0015986|GO:0007399|GO:0051480|GO:0006538|GO:0007202|GO:0048791|GO:0006163|GO:0006536|GO:0019551|GO:0006531|GO:0006532|GO:0006533|GO:0006754|GO:0007165,MIMAT0003252,3,1.00,1.00,0.58,0.56,0.55,0.78,0.75,0.80,0.81,0.80
GL Brain Rickman_2,GO:0019835|GO:0002474|GO:0019060|GO:0050776|GO:0019885|GO:0019882|GO:0046633|GO:0009611|GO:0006952|GO:0010886|GO:0050900|GO:0006957|GO:0006954|GO:0006955|GO:0046967|GO:0006959,MIMAT0012735,3,0.75,0.74,0.46,0.42,0.40,0.96,0.74,1.00,0.39,1.00
IDC Breast Radvanyi_39,GO:0060347|GO:0042127|GO:0006869|GO:0030154|GO:0030301|GO:0015833|GO:0019915|GO:0009653|GO:0007275|GO:0001525|GO:0006641|GO:0045638|GO:0046879|GO:0048513|GO:0048514|GO:0010742|GO:0032502|GO:0009887|GO:0019216|GO:0050727|GO:0055088|GO:0045595|GO:0001655|GO:0009266|GO:0042632|GO:0046486|GO:0007548|GO:0042493|GO:0019433|GO:0033344|GO:0048646|GO:0030099,MIMAT0004602,3,0.94,0.91,0.42,0.43,0.92,0.74,0.50,0.65,0.31,0.65
IDC Breast Radvanyi_59,GO:0034080|GO:0045842|GO:0007094|GO:0045840|GO:0000086|GO:0000087|GO:0000084|GO:0007079|GO:0000082|GO:0000083|GO:0008608|GO:0000226|GO:0000022|GO:0051303|GO:0007067|GO:0007049|GO:0031577|GO:0008283|GO:0051329|GO:0007080|GO:0006260|GO:0051301|GO:0007088|GO:0006310|GO:0000278|GO:0006281|GO:0000216|GO:0031145|GO:0006974|GO:0007051|GO:0007052|GO:0010458|GO:0000236|GO:0007076|GO:0007059|GO:0051987|GO:0051983|GO:0051276|GO:0000910|GO:0030261|GO:0000070|GO:0006996|GO:0000075|GO:0051726|GO:0006334|GO:0006270|GO:0007018|GO:0006333|GO:0051488|GO:0006511|GO:0006259|GO:0051439|GO:0007096|GO:0051444|GO:0006271,MIMAT0007347,3,0.92,0.96,0.58,0.59,0.22,0.70,1.00,0.51,0.55,0.51
SMCL Lung Bhattacharjee_28,GO:0045087|GO:0009611|GO:0006956|GO:0006957|GO:0006954|GO:0006955|GO:0006958|GO:0006959,MIMAT0004945,3,0.74,0.74,0.23,0.39,0.32,0.96,0.71,0.95,0.37,0.95
SMCL Lung Bhattacharjee_51,GO:0008064|GO:0016044|GO:0050896|GO:0007596|GO:0006928|GO:0006952|GO:0008154,MIMAT0015017|MIMAT0015090|MIMAT0018079|MIMAT0020601|MIMAT0020602|MIMAT0005926,3,0.93,0.93,0.43,0.49,0.35,0.99,0.74,0.76,0.39,0.76
SQ Lung Bhattacharjee_23,GO:0007596|GO:0030183|GO:0034392|GO:0042102|GO:0045579|GO:0050776|GO:0006955|GO:0045588|GO:0045577,MIMAT0003252,3,0.79,0.74,0.54,0.34,0.40,0.99,0.66,1.00,0.31,1.00
AD Lung Beer_31,GO:0060346|GO:0030154|GO:0030335|GO:0006928|GO:0007160|GO:0001501|GO:0007162|GO:0001503|GO:0060324|GO:0031175|GO:0007411|GO:0001525|GO:0007275|GO:0001568|GO:0009611|GO:0048812|GO:0016477|GO:0043588|GO:0009887|GO:0030182|GO:0048678|GO:0009404|GO:0007155|GO:0032964|GO:0001957|GO:0030199|GO:0030198,MIMAT0000100|MIMAT0000681|MIMAT0000086,2,0.70,0.70,0.44,0.42,0.92,1.00,0.71,0.53,0.37,0.53
AD Lung Bhattacharjee_0,GO:0000723|GO:0006139|GO:0000278|GO:0000075|GO:0006281|GO:0000087|GO:0051726|GO:0044237|GO:0006974|GO:0051301|GO:0006260|GO:0006261|GO:0006367|GO:0006259|GO:0007067|GO:0008152|GO:0007049|GO:0006283,MIMAT0004701,2,0.79,0.96,0.58,0.71,0.31,0.70,1.00,0.53,0.55,0.53
CCC Ovarian Hendrix_33,GO:0000723|GO:0000722|GO:0006297|GO:0006283|GO:0006281|GO:0006271|GO:0032201|GO:0006974|GO:0006259|GO:0007049,MIMAT0004604|MIMAT0003948,2,0.78,0.85,0.34,0.71,0.20,0.70,1.00,0.51,0.55,0.51
GL Brain Bredel_30,GO:0016079|GO:0006810|GO:0014047|GO:0007269|GO:0007268|GO:0007267|GO:0048489|GO:0017157,MIMAT0004694,2,0.81,0.81,0.34,0.09,0.45,0.78,0.41,0.42,0.16,0.42
HSCC Head-Neck Cromer_18,GO:0048011|GO:0007169,MIMAT0000271|MIMAT0003283,2,0.80,0.80,0.39,0.23,0.62,0.46,0.55,0.49,0.21,0.49
AC Brain Sun_22,GO:0019226|GO:0006812|GO:0006811|GO:0006810|GO:0007268|GO:0006836|GO:0007267|GO:0007186,MIMAT0000455,2,0.81,0.81,0.38,0.23,0.45,0.78,0.55,0.49,0.20,0.49
AC Brain Sun_44,GO:0007267|GO:0050877|GO:0007269|GO:0007268,MIMAT0004982,2,0.81,0.81,0.27,0.09,0.45,0.40,0.34,0.30,0.09,0.30
AD Lung Beer_43,GO:0008284|GO:0007588|GO:0006936|GO:0006937|GO:0008015|GO:0060047|GO:0003014|GO:0007165|GO:0007166|GO:0007268|GO:0007267|GO:0008217|GO:0007186|GO:0007187|GO:0002125,MIMAT0005929,2,1.00,1.00,0.58,0.43,0.50,0.66,0.75,0.69,0.40,0.69
AD Lung Beer_5,GO:0030534|GO:0007588|GO:0050896|GO:0035094|GO:0007610|GO:0010033|GO:0048511|GO:0048878|GO:0007165|GO:0006814|GO:0007275|GO:0014070,MIMAT0005943,2,1.00,1.00,0.58,0.48,0.60,0.73,0.75,0.76,0.43,0.76
AD Lung Beer_6,GO:0016070|GO:0006139|GO:0050658|GO:0016071|GO:0000398|GO:0006974|GO:0000375|GO:0010467|GO:0044237|GO:0016032|GO:0051028|GO:0044249|GO:0007049|GO:0006397,MIMAT0003285,2,0.78,0.85,0.52,0.58,0.30,0.70,0.97,0.51,0.55,0.51
AD Lung Beer_9,GO:0032825|GO:0007165|GO:0046544,MIMAT0005882,2,1.00,1.00,0.58,0.43,0.42,0.66,0.75,0.69,0.40,0.69
AD Lung Bhattacharjee_30,GO:0008015|GO:0050896|GO:0008016|GO:0007610|GO:0060047|GO:0007268|GO:0007267,MIMAT0003275|MIMAT0003285,2,0.93,0.93,0.43,0.40,0.45,0.73,0.72,0.76,0.37,0.76
AD Lung Bhattacharjee_42,GO:0006739|GO:0019322|GO:0006081|GO:0005999|GO:0019430|GO:0006334|GO:0006520|GO:0034641|GO:0006534|GO:0006805|GO:0009410|GO:0006098|GO:0055114|GO:0006749|GO:0015949|GO:0051409|GO:0045454|GO:0051881|GO:0006979|GO:0055086|GO:0006740,MIMAT0004957,2,0.71,0.71,0.47,0.34,0.25,0.57,0.81,0.46,0.84,0.46
AD Lung Bhattacharjee_59,GO:0032964|GO:0016477|GO:0001568|GO:0007275|GO:0042060|GO:0006928|GO:0007160|GO:0001501|GO:0030199|GO:0018149|GO:0030198|GO:0007155|GO:0007411|GO:0001525|GO:0009611|GO:0007229,MIMAT0000100|MIMAT0000681|MIMAT0000086,2,0.70,0.70,0.37,0.42,0.92,1.00,0.71,0.53,0.37,0.53
AD Lung Bhattacharjee_81,GO:0009887|GO:0051270|GO:0001568|GO:0030154|GO:0009888|GO:0048514|GO:0042312|GO:0016477|GO:0007275,MIMAT0002859,2,0.61,0.61,0.37,0.42,0.89,1.00,0.44,0.44,0.19,0.44
AD Ovarian Welsh_22,GO:0008284|GO:0009725|GO:0050896|GO:0050892|GO:0035104|GO:0001934,MIMAT0005871,2,1.00,0.93,0.43,0.40,0.35,0.73,0.72,0.76,0.37,0.76
AD Ovarian Welsh_7,GO:0050896,MIMAT0003320,2,0.93,0.93,0.43,0.40,0.35,0.73,0.72,0.76,0.37,0.76
AO Brain Bredel_22,GO:0007267|GO:0050877|GO:0007268|GO:0007269|GO:0006836,MIMAT0005867|MIMAT0003326,2,0.81,0.81,0.27,0.09,0.45,0.44,0.34,0.30,0.09,0.30
B-CLL Leukemia Haslinger_54,GO:0007267|GO:0009887|GO:0045165,MIMAT0005952|MIMAT0004980,2,0.81,0.81,0.27,0.22,0.60,0.55,0.34,0.27,0.09,0.27
B-CLL Leukemia Haslinger_62,GO:0034134|GO:0044267|GO:0002756|GO:0007243|GO:0016310|GO:0043687|GO:0006468|GO:0006464|GO:0034130|GO:0006265|GO:0032870|GO:0006357|GO:0008152|GO:0006366|GO:0045588,MIMAT0002826|MIMAT0003285,2,0.82,0.82,0.46,0.27,0.38,0.53,0.69,0.80,0.47,0.80
CA Bladder Dyrskjot_40,GO:0008104|GO:0000086|GO:0000084|GO:0030433|GO:0000082|GO:0051439|GO:0044237|GO:0034660|GO:0008219|GO:0051436|GO:0042981|GO:0051028|GO:0006139|GO:0006487|GO:0043161|GO:0006886|GO:0042254|GO:0044419|GO:0006369|GO:0006508|GO:0008380|GO:0000278|GO:0051603|GO:0006915|GO:0000216|GO:0031145|GO:0006605|GO:0045184|GO:0000375|GO:0006977|GO:0030163|GO:0031167|GO:0001510|GO:0044257|GO:0016070|GO:0016071|GO:0050658|GO:0012501|GO:0000398|GO:0018279|GO:0051437|GO:0006511|GO:0016032|GO:0015031|GO:0006521|GO:0006396|GO:0006397,MIMAT0003323,2,0.76,0.81,0.90,0.33,0.30,0.64,0.76,0.51,0.63,0.51
CA Bladder Dyrskjot_49,GO:0007267|GO:0042738,MIMAT0002814,2,0.81,0.81,0.27,0.00,0.45,0.34,0.34,0.27,0.19,0.27
CA Breast Richardson_29,GO:0007267|GO:0007268,MIMAT0005890,2,0.81,0.81,0.27,0.00,0.45,0.34,0.34,0.27,0.09,0.27
CA Breast Richardson_55,GO:0009887|GO:0001701|GO:0009605|GO:0009790|GO:0009653|GO:0009725|GO:0001568|GO:0009611|GO:0001501|GO:0048514|GO:0007155|GO:0001525|GO:0001955,MIMAT0003164|MIMAT0004958|MIMAT0015004|MIMAT0000688|MIMAT0003885|MIMAT0000425|MIMAT0000691,2,0.70,0.70,0.27,0.39,0.92,1.00,0.71,0.53,0.37,0.53
CA Breast Sorlie_12,GO:0009887|GO:0016477|GO:0001568|GO:0007596|GO:0042060|GO:0006928|GO:0001775|GO:0030334|GO:0001525|GO:0030168,MIMAT0003285,2,0.66,0.66,0.33,0.35,0.92,1.00,0.67,0.49,0.33,0.49
CA Colon Graudens_39,GO:0009263|GO:0006260|GO:0000278|GO:0007049,MIMAT0004953,2,0.68,0.85,0.34,0.38,0.13,0.42,0.81,0.34,0.16,0.34
GBM Brain Liang_18,GO:0044267|GO:0008104|GO:0019538|GO:0009987|GO:0044237|GO:0045184|GO:0008152,MIMAT0001621,2,0.84,0.84,0.59,0.30,0.38,0.67,0.70,0.59,0.49,0.59
GCT Seminoma Korkola_68,GO:0007267|GO:0050877,MIMAT0005827,2,0.81,0.81,0.27,0.00,0.45,0.34,0.34,0.30,0.09,0.30
GCT Seminoma Korkola_75,GO:0048666|GO:0048699|GO:0030154|GO:0030182|GO:0007399|GO:0030817|GO:0006811|GO:0007268|GO:0007610|GO:0007611|GO:0046058|GO:0031113|GO:0001504|GO:0007158|GO:0007409|GO:0006836|GO:0007267|GO:0050804|GO:0007186|GO:0007275,MIMAT0000081|MIMAT0004926|MIMAT0000090|MIMAT0005949|MIMAT0000092|MIMAT0000719|MIMAT0003218|MIMAT0000707,2,0.81,0.81,0.38,0.42,0.61,0.77,0.69,0.49,0.38,0.49
GCT Seminoma Korkola_98,GO:0007155|GO:0001568|GO:0001525|GO:0048514,MIMAT0000264|MIMAT0000281,2,0.50,0.50,0.26,0.14,0.92,1.00,0.33,0.26,0.08,0.26
GL Brain Bredel_38,GO:0007267|GO:0019226|GO:0007268,MIMAT0004762,2,0.81,0.81,0.27,0.00,0.45,0.34,0.34,0.27,0.09,0.27
GL Brain Bredel_79,GO:0044255|GO:0009987|GO:0044237|GO:0008152,MIMAT0004692,2,0.84,0.84,0.59,0.30,0.38,0.67,0.70,0.59,0.49,0.59
GL Brain Rickman_23,GO:0007267|GO:0046883|GO:0019226|GO:0006810|GO:0007268,MIMAT0004764|MIMAT0004978,2,0.81,0.81,0.34,0.15,0.45,0.78,0.41,0.42,0.16,0.42
GLB Brain Sun_29,GO:0006813|GO:0007267|GO:0008105|GO:0007186|GO:0055085,MIMAT0005929|MIMAT0005826,2,0.81,0.81,0.38,0.23,0.45,0.62,0.55,0.49,0.20,0.49
GLB Brain Sun_36,GO:0007632|GO:0006836|GO:0007612|GO:0007613|GO:0007610|GO:0007611|GO:0048167|GO:0001505|GO:0019933|GO:0008542|GO:0002021|GO:0019233|GO:0007186|GO:0007187|GO:0017157|GO:0006813|GO:0006812|GO:0006811|GO:0006810|GO:0046903|GO:0007269|GO:0007268|GO:0007267|GO:0007154|GO:0050877|GO:0019226|GO:0007399|GO:0007018|GO:0006171,MIMAT0004748,2,0.87,0.85,0.38,0.31,0.53,0.78,0.55,0.49,0.37,0.49
GLB Brain Sun_73,GO:0043542|GO:0030336|GO:0009887|GO:0016477|GO:0010596|GO:0001568|GO:0048870|GO:0030334|GO:0032964|GO:0001501|GO:0030199|GO:0030198|GO:0048514|GO:0007155|GO:0035313|GO:0001525|GO:0043588,MIMAT0000262,2,0.54,0.54,0.47,0.22,0.92,1.00,0.55,0.35,0.08,0.35
HSCC Head-Neck Cromer_25,GO:0006139|GO:0000278|GO:0010467|GO:0006260|GO:0000236|GO:0022402|GO:0051301|GO:0006397,MIMAT0002817|MIMAT0005791,2,0.70,0.82,0.46,0.38,0.24,0.53,0.81,0.46,0.44,0.46
IDC Breast Radvanyi_65,GO:0009987|GO:0044237|GO:0008152,MIMAT0004185,2,0.84,0.84,0.59,0.30,0.38,0.67,0.70,0.59,0.49,0.59
ML Melanoma Talantov_8,GO:0009615|GO:0060337|GO:0032480|GO:0019221|GO:0006955,MIMAT0000263,2,0.74,0.74,0.34,0.20,0.33,0.54,0.52,0.95,0.48,0.95
MM Myeloma Zhan_26,GO:0050896|GO:0007610,MIMAT0005952,2,0.93,0.93,0.43,0.40,0.35,0.73,0.72,0.76,0.37,0.76
MM Myeloma Zhan_3,GO:0044267|GO:0006468|GO:0005975|GO:0034138|GO:0006486|GO:0043687|GO:0006464|GO:0048011|GO:0051403|GO:0007173|GO:0007167|GO:0015031|GO:0007264,MIMAT0004801|MIMAT0003285,2,0.84,0.84,0.42,0.33,0.59,0.62,0.65,0.74,0.74,0.74
MM Myeloma Zhan_50,GO:0045415|GO:0050896|GO:0030154|GO:0048635|GO:0042487|GO:0042592|GO:0007165|GO:0008544|GO:0007186|GO:0007275,MIMAT0000085,2,1.00,1.00,0.58,0.52,0.61,0.73,0.75,0.76,0.40,0.76
MPM Mesothelioma Gordon_44,GO:0000084|GO:0000082|GO:0034641|GO:0051439|GO:0051437|GO:0051436|GO:0007049|GO:0044267|GO:0006521|GO:0022904|GO:0006119|GO:0000278|GO:0051603|GO:0000216|GO:0031145|GO:0006974|GO:0006977|GO:0030163|GO:0008152|GO:0016071|GO:0000077|GO:0000075|GO:0006120|GO:0006511|GO:0016032,MIMAT0004701,2,0.78,0.95,0.58,0.58,0.31,0.70,0.97,0.53,0.70,0.53
MUC Ovarian Hendrix_3,GO:0007548|GO:0030334|GO:0001568|GO:0042446|GO:0046882|GO:0006694|GO:0001525|GO:0008202,MIMAT0005869,2,0.54,0.54,0.30,0.14,0.92,0.92,0.36,0.35,0.15,0.35
ODGL Brain Sun_2,GO:0007631|GO:0006813|GO:0006812|GO:0006811|GO:0006810|GO:0007268|GO:0007267|GO:0007186|GO:0050877,MIMAT0004982,2,0.81,0.81,0.38,0.23,0.45,0.78,0.55,0.49,0.20,0.49
ODGL Brain Sun_32,GO:0019226|GO:0006810|GO:0001505|GO:0007269|GO:0007268|GO:0007267|GO:0006836,MIMAT0000439,2,0.81,0.81,0.34,0.13,0.45,0.78,0.41,0.42,0.16,0.42
RCCC Renal Boer_8,GO:0002504|GO:0019882|GO:0050776|GO:0019221|GO:0002768|GO:0050852|GO:0060333|GO:0042632|GO:0031295,MIMAT0005870,2,0.75,0.74,0.39,0.23,0.40,0.49,0.49,1.00,0.48,1.00
SMCL Lung Bhattacharjee_25,GO:0006139|GO:0007049|GO:0006260|GO:0000278|GO:0000075,MIMAT0000099,2,0.70,0.95,0.58,0.38,0.24,0.53,0.81,0.46,0.44,0.46
SMCL Lung Bhattacharjee_35,GO:0007094|GO:0000086|GO:0000087|GO:0000085|GO:0022900|GO:0000226|GO:0007067|GO:0051028|GO:0007049|GO:0031018|GO:0007126|GO:0051084|GO:0010467|GO:0019058|GO:0051301|GO:0006366|GO:0008380|GO:0016070|GO:0000278|GO:0006281|GO:0000212|GO:0022904|GO:0007346|GO:0031145|GO:0006974|GO:0007051|GO:0007017|GO:0000236|GO:0007059|GO:0051983|GO:0006310|GO:0016071|GO:0000070|GO:0051276|GO:0000075|GO:0000375|GO:0051726|GO:0000398|GO:0051437|GO:0006350|GO:0006259|GO:0051439|GO:0007093|GO:0006396|GO:0006397,MIMAT0000269,2,0.79,0.96,0.58,0.58,0.27,0.70,1.00,0.51,0.72,0.51
SQ Lung Bhattacharjee_18,GO:0007166,MIMAT0002171|MIMAT0003882,2,0.93,0.93,0.51,0.36,0.50,0.59,0.68,0.62,0.33,0.62
SQ Lung Bhattacharjee_22,GO:0031018|GO:0019083|GO:0051103|GO:0051028|GO:0006308|GO:0045767|GO:0006265|GO:0010467|GO:0019058|GO:0006405|GO:0016070|GO:0006284|GO:0006281|GO:0006288|GO:0008152|GO:0006310|GO:0016071|GO:0050658|GO:0000398|GO:0016032|GO:0006259|GO:0006415|GO:0006414|GO:0006397,MIMAT0005916|MIMAT0003275,2,0.75,0.75,0.98,0.55,0.31,0.67,1.00,0.53,0.52,0.53
SQ Lung Bhattacharjee_30,GO:0007154|GO:0008217|GO:0007165,MIMAT0005588,2,1.00,1.00,0.58,0.43,0.52,0.66,0.75,0.69,0.40,0.69
TU Prostate Lapointe_23,GO:0000087|GO:0000084|GO:0000085|GO:0000082|GO:0051439|GO:0007067|GO:0051301|GO:0000722|GO:0006260|GO:0006261|GO:0000278|GO:0006139|GO:0000216|GO:0031145|GO:0007059|GO:0006310|GO:0007049|GO:0051276|GO:0000075|GO:0051726|GO:0006271|GO:0032201|GO:0006259|GO:0007093,MIMAT0000081,2,0.79,0.96,0.58,0.55,0.24,0.53,1.00,0.46,0.45,0.46
TU Prostate Lapointe_40,GO:0051603|GO:0019538|GO:0006521|GO:0009987|GO:0044237|GO:0006511|GO:0030163|GO:0008152|GO:0051436,MIMAT0001621,2,0.84,0.84,0.59,0.30,0.38,0.67,0.70,0.59,0.58,0.59
AD Lung Beer_11,GO:0034641|GO:0006106|GO:0055114|GO:0008152|GO:0022904|GO:0006091|GO:0009083,MIMAT0000441,1,0.71,0.71,0.47,0.32,0.31,0.54,0.75,0.53,0.81,0.53
AD Lung Bhattacharjee_64,GO:0007155|GO:0045995,MIMAT0000451|MIMAT0003945,1,0.50,0.50,0.26,0.00,0.50,1.00,0.33,0.26,0.08,0.26
CA Colon Graudens_38,GO:0007010,MIMAT0015072|MIMAT0006764|MIMAT0005793|MIMAT0005792|MIMAT0000510|MIMAT0000095,1,0.47,0.47,0.23,0.34,0.01,0.42,0.81,0.22,0.05,0.22
END Ovarian Hendrix_22,GO:0007548|GO:0048608|GO:0009605|GO:0008406|GO:0009611|GO:0042060|GO:0048511|GO:0008585,MIMAT0000068|MIMAT0000417|MIMAT0000069|MIMAT0002820|MIMAT0000461|MIMAT0004987,1,0.70,0.70,0.20,0.39,0.30,1.00,0.71,0.53,0.37,0.53
ME Melanoma Hoek_35,GO:0007507|GO:0001568|GO:0009887|GO:0010629|GO:0000122,MIMAT0000318|MIMAT0000617|MIMAT0000682,1,0.62,0.66,0.65,0.22,0.88,0.55,0.49,0.45,0.19,0.45
AC Brain Sun_16,GO:0016070|GO:0006139|GO:0010467|GO:0044237|GO:0045449|GO:0016071|GO:0009303|GO:0000398|GO:0010468|GO:0000375|GO:0009058|GO:0006260|GO:0006351|GO:0008152|GO:0006350|GO:0008380|GO:0006396|GO:0006397,MIMAT0003331,1,0.78,0.78,0.53,0.39,0.38,0.59,0.81,0.60,0.49,0.60
AC Brain Sun_51,GO:0000082|GO:0006120|GO:0022900|GO:0022904|GO:0006091|GO:0006412|GO:0055114,MIMAT0004972,1,0.47,0.60,0.23,0.04,0.04,0.30,0.47,0.25,0.81,0.25
AD Lung Beer_27,GO:0016070|GO:0006139|GO:0042254|GO:0010467|GO:0008152|GO:0022904|GO:0006091|GO:0006396,MIMAT0015072|MIMAT0006764|MIMAT0005793|MIMAT0005792|MIMAT0000510,1,0.70,0.70,0.46,0.33,0.31,0.53,0.76,0.53,0.81,0.53
AD Lung Beer_4,GO:0051603|GO:0000084|GO:0006511|GO:0006766|GO:0006928,MIMAT0005828,1,0.49,0.57,0.24,0.00,0.03,0.99,0.43,0.24,0.56,0.24
AD Lung Bhattacharjee_65,GO:0002576|GO:0009611|GO:0006936|GO:0006928,MIMAT0004762|MIMAT0019215,1,0.70,0.70,0.24,0.39,0.21,0.99,0.71,0.53,0.37,0.53
AD Ovarian Welsh_15,GO:0051186|GO:0006099|GO:0009060|GO:0045333|GO:0022904|GO:0010510|GO:0006091|GO:0006090|GO:0055114,MIMAT0005940,1,0.44,0.44,0.20,0.00,0.04,0.27,0.41,0.25,0.81,0.25
B-CLL Leukemia Haslinger_17,GO:0006091|GO:0022900|GO:0055114|GO:0022904,MIMAT0004801,1,0.44,0.44,0.20,0.00,0.04,0.27,0.41,0.25,0.81,0.25
CA Bladder Dyrskjot_51,GO:0006334,MIMAT0005930,1,0.30,0.30,0.06,0.34,0.00,0.25,0.81,0.06,0.00,0.06
CA Breast Richardson_18,GO:0009888|GO:0001501|GO:0030199|GO:0030198|GO:0007155|GO:0043588,MIMAT0000428,1,0.50,0.50,0.26,0.27,0.46,1.00,0.55,0.29,0.08,0.29
CA Breast Richardson_61,GO:0006334,MIMAT0005796,1,0.30,0.30,0.06,0.34,0.00,0.25,0.81,0.06,0.00,0.06
CA Colon Graudens_17,GO:0006104|GO:0006099|GO:0009060|GO:0022904|GO:0006091|GO:0006119,MIMAT0003265|MIMAT0003312|MIMAT0018444,1,0.44,0.44,0.20,0.00,0.00,0.27,0.38,0.19,0.81,0.19
CA Colon Graudens_4,GO:0006091,MIMAT0000436,1,0.44,0.44,0.20,0.00,0.00,0.27,0.38,0.19,0.81,0.19
CCC Ovarian Hendrix_11,GO:0009887|GO:0007399|GO:0048812|GO:0006928|GO:0030198|GO:0007411|GO:0009653,MIMAT0003308|MIMAT0003270|MIMAT0000100|MIMAT0000681|MIMAT0000086,1,0.58,0.58,0.27,0.32,0.70,0.99,0.70,0.41,0.26,0.41
COID Lung Bhattacharjee_87,GO:0043627|GO:0007584|GO:0043369|GO:0030335,MIMAT0005826,1,0.54,0.54,0.25,0.10,0.24,0.87,0.33,0.37,0.22,0.37
END Ovarian Hendrix_32,GO:0015031|GO:0006886|GO:0007049,MIMAT0004185|MIMAT0003323,1,0.68,0.85,0.34,0.05,0.13,0.62,0.41,0.34,0.16,0.34
END Ovarian Hendrix_35,GO:0006334,MIMAT0005930,1,0.30,0.30,0.06,0.34,0.00,0.25,0.81,0.06,0.00,0.06
GCT Seminoma Korkola_106,GO:0022904|GO:0006091|GO:0006520|GO:0042773|GO:0006120,MIMAT0005788,1,0.45,0.45,0.21,0.06,0.00,0.28,0.49,0.20,0.81,0.20
GCT Seminoma Korkola_107,GO:0009887|GO:0001525|GO:0048514|GO:0045765,MIMAT0004563|MIMAT0000232,1,0.42,0.42,0.18,0.22,1.00,0.55,0.24,0.25,0.00,0.25
GCT Seminoma Korkola_45,GO:0035108|GO:0030326|GO:0030154|GO:0060348|GO:0001501|GO:0001503|GO:0007411|GO:0009653|GO:0007275|GO:0007417|GO:0014032|GO:0007389|GO:0000904|GO:0000902|GO:0000122|GO:0048843|GO:0001843|GO:0048762|GO:0009887|GO:0048706|GO:0030182|GO:0003007|GO:0014031|GO:0045892|GO:0002090|GO:0007155|GO:0050771|GO:0016481|GO:0007507|GO:0030825|GO:0051216|GO:0030509|GO:0007420|GO:0007399|GO:0009790|GO:0030900,MIMAT0000261,1,0.63,0.78,0.67,0.42,0.75,1.00,0.67,0.44,0.26,0.44
GL Brain Bredel_11,GO:0006120|GO:0022900|GO:0022904|GO:0006091|GO:0055114|GO:0006119,MIMAT0003389,1,0.44,0.44,0.20,0.00,0.04,0.27,0.41,0.25,0.81,0.25
GL Brain Bredel_15,GO:0006139|GO:0006260|GO:0008152|GO:0006401,MIMAT0004814|MIMAT0000445,1,0.70,0.70,0.46,0.38,0.31,0.53,0.81,0.53,0.47,0.53
GL Brain Bredel_32,GO:0015986|GO:0046034|GO:0010243|GO:0034220|GO:0006164|GO:0006091|GO:0006754|GO:0055086,MIMAT0000068,1,0.52,0.52,0.28,0.15,0.06,0.51,0.58,0.30,0.81,0.30
GLB Brain Sun_27,GO:0016070|GO:0006139|GO:0016071|GO:0044237|GO:0045449|GO:0000398|GO:0010467|GO:0006260|GO:0006351|GO:0006353|GO:0006259|GO:0006350|GO:0008380|GO:0006396|GO:0006397,MIMAT0004801|MIMAT0004921,1,0.78,0.78,0.53,0.51,0.37,0.59,0.93,0.58,0.49,0.58
GLB Brain Sun_41,GO:0006334|GO:0010757|GO:0042742,MIMAT0004957,1,0.50,0.50,0.19,0.34,0.00,0.52,0.81,0.42,0.16,0.46
IDC Breast Radvanyi_16,GO:0000084|GO:0006520|GO:0000216|GO:0031145|GO:0034641|GO:0006977|GO:0051439|GO:0016032|GO:0051437|GO:0051436|GO:0006521,MIMAT0000441,1,0.71,0.81,0.47,0.33,0.25,0.54,0.75,0.46,0.47,0.46
MM Myeloma Zhan_33,GO:0016070|GO:0016032|GO:0006352|GO:0016071|GO:0045449|GO:0006928|GO:0010467|GO:0006350|GO:0008152|GO:0006366|GO:0006368|GO:0010468,MIMAT0002879,1,0.78,0.78,0.53,0.39,0.38,0.99,0.73,0.60,0.47,0.60
MPM Mesothelioma Gordon_28,GO:0044267|GO:0006457|GO:0044237|GO:0022900|GO:0022904|GO:0006091|GO:0006412,MIMAT0004801,1,0.76,0.76,0.52,0.27,0.30,0.59,0.70,0.51,0.81,0.51
MPM Mesothelioma Gordon_36,GO:0043162|GO:0006120|GO:0022900|GO:0045333|GO:0022904|GO:0006091|GO:0042773|GO:0006119,MIMAT0002178,1,0.44,0.44,0.20,0.00,0.00,0.27,0.38,0.19,0.81,0.19
MUC Ovarian Hendrix_54,GO:0030206|GO:0007517|GO:0001957|GO:0030154|GO:0046022|GO:0006928|GO:0030198|GO:0007155|GO:0009653|GO:0007275,MIMAT0004971,1,0.61,0.61,0.37,0.42,0.70,1.00,0.55,0.44,0.32,0.44
OD Brain Bredel_15,GO:0006091|GO:0022900|GO:0007268,MIMAT0003945,1,0.76,0.76,0.22,0.00,0.40,0.29,0.38,0.21,0.81,0.21
OD Brain Bredel_57,GO:0006091,MIMAT0000759|MIMAT0004748|MIMAT0000438,1,0.44,0.44,0.20,0.00,0.00,0.27,0.38,0.19,0.81,0.19
SQ Lung Bhattacharjee_16,GO:0009060|GO:0051084|GO:0022900|GO:0022904|GO:0006457|GO:0006091|GO:0055114|GO:0006119,MIMAT0004185,1,0.44,0.44,0.20,0.00,0.04,0.27,0.41,0.25,0.81,0.25
SQ Lung Bhattacharjee_29,GO:0007596|GO:0042060|GO:0030036,MIMAT0004762,1,0.66,0.66,0.33,0.35,0.30,1.00,0.74,0.49,0.33,0.49
SQ Lung Bhattacharjee_44,GO:0009888|GO:0006928|GO:0030199|GO:0030198|GO:0008544|GO:0043588,MIMAT0003882|MIMAT0016913,1,0.49,0.49,0.24,0.27,0.46,0.99,0.55,0.29,0.06,0.29
SQ Lung Bhattacharjee_45,GO:0006334,MIMAT0003330,1,0.30,0.30,0.06,0.34,0.00,0.25,0.81,0.06,0.00,0.06
SRS Ovarian Hendrix_72,GO:0006334,MIMAT0005930,1,0.30,0.30,0.06,0.34,0.00,0.25,0.81,0.06,0.00,0.06
TU Prostate Lapointe_37,GO:0040012,MIMAT0004975|MIMAT0002881|MIMAT0004563|MIMAT0000232,1,0.53,0.53,0.29,0.00,0.15,0.84,0.15,0.36,0.00,0.36
TU Prostate Lapointe_7,GO:0007517|GO:0030154|GO:0048701|GO:0006936|GO:0009725|GO:0001568|GO:0006461|GO:0048468|GO:0009887|GO:0048514|GO:0043627|GO:0050678|GO:0009653|GO:0060174,MIMAT0003244,1,0.76,0.73,0.37,0.34,0.89,0.72,0.65,0.49,0.34,0.49
AC Brain Sun_34,GO:0016070,MIMAT0000280,0,0.65,0.65,0.41,0.31,0.19,0.48,0.73,0.41,0.38,0.41
AD Lung Beer_52,GO:0006703|GO:0007188|GO:0019933|GO:0001952|GO:0007187,MIMAT0000724,0,0.66,0.66,0.25,0.09,0.23,0.77,0.41,0.35,0.07,0.35
CA Breast Richardson_68,GO:0034660,MIMAT0005867|MIMAT0003326,0,0.40,0.40,0.16,0.05,0.00,0.23,0.48,0.15,0.13,0.15
CCC Ovarian Hendrix_20,GO:0001501|GO:0001503|GO:0030237,MIMAT0002817,0,0.34,0.34,0.09,0.14,0.37,0.32,0.16,0.17,0.00,0.17
CCC Ovarian Hendrix_23,GO:0044267|GO:0031018|GO:0019083|GO:0019058|GO:0016032|GO:0006415|GO:0006414|GO:0006412,MIMAT0000102|MIMAT0002840,0,0.64,0.64,0.40,0.21,0.27,0.47,0.64,0.40,0.38,0.40
CLL Lymphoma Alizadeh_10,GO:0044267|GO:0042110|GO:0033598,MIMAT0003258|MIMAT0000076,0,0.64,0.64,0.40,0.21,0.19,0.47,0.64,0.71,0.38,0.71
END Ovarian Hendrix_18,GO:0006139|GO:0031018|GO:0019083|GO:0010467|GO:0019058|GO:0006350|GO:0016032|GO:0006415|GO:0006414|GO:0006412,MIMAT0004912|MIMAT0003180,0,0.70,0.70,0.46,0.33,0.27,0.53,0.76,0.46,0.44,0.46
GLB Brain Sun_76,GO:0006355|GO:0048709|GO:0048663|GO:0021530,MIMAT0003225|MIMAT0000250,0,0.74,0.74,0.50,0.35,0.33,0.42,0.67,0.55,0.32,0.55
MPM Mesothelioma Gordon_19,GO:0008104|GO:0015031|GO:0006886|GO:0006890|GO:0048205,MIMAT0004748|MIMAT0004804,0,0.44,0.44,0.20,0.00,0.06,0.64,0.42,0.27,0.02,0.27
PPC Prostate Dhanasekaran_32,GO:0001947,MIMAT0000690,0,0.11,0.11,0.00,0.00,0.51,0.35,0.00,0.00,0.00,0.00
PPC Prostate Dhanasekaran_34,GO:0006936,MIMAT0000450,0,0.30,0.30,0.06,0.00,0.21,0.17,0.13,0.14,0.00,0.14
SRS Ovarian Hendrix_30,GO:0006702|GO:0007548|GO:0048608|GO:0042445|GO:0009725|GO:0008585|GO:0048511|GO:0032870|GO:0008207,MIMAT0003247|MIMAT0001341,0,0.69,0.69,0.23,0.18,0.30,0.46,0.48,0.49,0.47,0.49
AC Brain Sun_19,GO:0006629,MIMAT0002175|MIMAT0000275,0,0.47,0.47,0.23,0.07,0.09,0.30,0.50,0.31,0.29,0.31
AD Lung Beer_44,GO:0007186,MIMAT0001635|MIMAT0002174,0,0.80,0.80,0.38,0.23,0.37,0.46,0.55,0.49,0.20,0.49
AD Lung Beer_46,GO:0007275,MIMAT0004911|MIMAT0003274,0,0.61,0.61,0.37,0.42,0.60,0.55,0.44,0.44,0.19,0.44
AD Lung Beer_53,GO:0060213|GO:0006979|GO:0010467|GO:0034405|GO:0000302|GO:0010468,MIMAT0003323|MIMAT0003246,0,0.76,0.76,0.52,0.35,0.38,0.57,0.66,0.60,0.38,0.60
AD Lung Bhattacharjee_35,GO:0006636,MIMAT0000427,0,0.22,0.22,0.00,0.00,0.00,0.05,0.16,0.00,0.25,0.00
AD Lung Bhattacharjee_39,GO:0042445,MIMAT0002839|MIMAT0002850,0,0.47,0.47,0.23,0.18,0.09,0.11,0.27,0.31,0.06,0.31
AD Lung Bhattacharjee_50,GO:0019835,MIMAT0003312|MIMAT0018444,0,0.16,0.16,0.46,0.00,0.00,0.00,0.00,0.06,0.00,0.00
AD Lung Bhattacharjee_53,GO:0006116,MIMAT0000449|MIMAT0002809,0,0.00,0.00,0.00,0.00,0.00,0.00,0.00,0.00,0.00,0.00
AD Lung Bhattacharjee_58,GO:0016071|GO:0008380,MIMAT0003331,0,0.48,0.48,0.24,0.14,0.03,0.31,0.57,0.24,0.22,0.24
AD Lung Bhattacharjee_60,GO:0016071|GO:0050658|GO:0000398|GO:0000375|GO:0008380|GO:0006396|GO:0006397,MIMAT0002817|MIMAT0004929|MIMAT0000458,0,0.51,0.51,0.27,0.17,0.05,0.44,0.59,0.27,0.24,0.27
AD Lung Bhattacharjee_69,GO:0016070|GO:0006139|GO:0010467|GO:0016071,MIMAT0002868|MIMAT0000078|MIMAT0000418,0,0.70,0.70,0.46,0.33,0.24,0.53,0.76,0.46,0.44,0.46
AD Lung Bhattacharjee_82,GO:0007283|GO:0007276,MIMAT0003317,0,0.35,0.35,0.10,0.00,0.25,0.21,0.17,0.18,0.00,0.18
AD Lung Stearman_13,GO:0007389|GO:0009952,MIMAT0000078|MIMAT0003150,0,0.36,0.36,0.12,0.17,0.35,0.30,0.19,0.19,0.00,0.19
AD Lung Stearman_6,GO:0007548|GO:0045778|GO:0032349|GO:0008585|GO:0001503|GO:0030501,MIMAT0000735,0,0.31,0.31,0.07,0.10,0.49,0.32,0.12,0.14,0.00,0.14
AD Lung Stearman_9,GO:0042053|GO:0001661,MIMAT0005912,0,0.22,0.22,0.00,0.00,0.00,0.00,0.11,0.03,0.39,0.03
AD Ovarian Welsh_0,GO:0010033,MIMAT0000318|MIMAT0002882,0,0.75,0.75,0.25,0.22,0.18,0.56,0.54,0.59,0.43,0.59
AD Ovarian Welsh_9,GO:0016071|GO:0008380,MIMAT0002849,0,0.48,0.48,0.24,0.14,0.03,0.31,0.57,0.24,0.22,0.24
AD Pancreas Logsdon_12,GO:0045777|GO:0002027|GO:0003079|GO:0002125|GO:0042713,MIMAT0000063|MIMAT0000064|MIMAT0000062|MIMAT0000067|MIMAT0000414|MIMAT0000065|MIMAT0000066|MIMAT0004976|MIMAT0000415|MIMAT0000096,0,0.30,0.30,0.05,0.53,0.29,0.09,0.00,0.13,0.00,0.13
AO Brain Bredel_33,GO:0046330|GO:0010820,MIMAT0004909,0,0.72,0.55,0.09,0.26,0.37,0.57,0.58,0.48,0.24,0.48
B-CLL Leukemia Haslinger_12,GO:0016071,MIMAT0005890,0,0.48,0.48,0.24,0.14,0.03,0.31,0.57,0.24,0.22,0.24
B-CLL Leukemia Haslinger_31,GO:0006874,MIMAT0005952,0,0.48,0.48,0.23,0.37,0.09,0.20,0.19,0.31,0.00,0.31
B-CLL Leukemia Haslinger_34,GO:0006952|GO:0042742|GO:0015670,MIMAT0002812,0,0.73,0.73,0.23,0.42,0.15,0.76,0.74,0.56,0.39,0.56
B-CLL Leukemia Haslinger_35,GO:0045449|GO:0006350,MIMAT0004762|MIMAT0005884,0,0.78,0.78,0.53,0.39,0.37,0.48,0.73,0.58,0.38,0.58
B-CLL Leukemia Haslinger_37,GO:0016071|GO:0000398|GO:0000375|GO:0008380|GO:0006406|GO:0006397,MIMAT0000755|MIMAT0003165,0,0.48,0.48,0.24,0.14,0.03,0.38,0.57,0.24,0.22,0.24
B-CLL Leukemia Haslinger_38,GO:0016070|GO:0006139|GO:0016071|GO:0010827|GO:0006913|GO:0000398|GO:0010467|GO:0051028|GO:0008380|GO:0006396|GO:0006397,MIMAT0005912,0,0.70,0.70,0.46,0.33,0.24,0.53,0.76,0.46,0.44,0.46
B-CLL Leukemia Haslinger_41,GO:0030218|GO:0006778,MIMAT0004761,0,0.35,0.35,0.11,0.25,0.24,0.27,0.29,0.54,0.00,0.54
B-CLL Leukemia Haslinger_43,GO:0048011|GO:0019915,MIMAT0002173,0,0.68,0.68,0.26,0.11,0.50,0.34,0.43,0.37,0.08,0.37
BPH Prostate Dhanasekaran_15,GO:0051028,MIMAT0003948,0,0.23,0.23,0.00,0.00,0.00,0.43,0.05,0.06,0.00,0.06
BPH Prostate Dhanasekaran_6,GO:0042327|GO:0042326|GO:0046325|GO:0043619,MIMAT0003318,0,0.53,0.51,0.46,0.29,0.25,0.27,0.38,0.32,0.09,0.32
BPH Prostate Dhanasekaran_8,GO:0002504|GO:0031295,MIMAT0004913|MIMAT0005898,0,0.43,0.40,0.16,0.01,0.15,0.08,0.08,0.67,0.00,0.67
CA Bladder Dyrskjot_0,GO:0000398,MIMAT0003275|MIMAT0003313,0,0.39,0.39,0.14,0.04,0.00,0.22,0.47,0.14,0.12,0.14
CA Bladder Dyrskjot_13,GO:0019550|GO:0019551|GO:0006532|GO:0008380|GO:0006396|GO:0006397,MIMAT0003285|MIMAT0005882,0,0.51,0.51,0.27,0.17,0.05,0.34,0.59,0.27,0.24,0.27
CA Bladder Dyrskjot_29,GO:0030198|GO:0006069,MIMAT0003285,0,0.29,0.29,0.05,0.08,0.00,0.24,0.55,0.05,0.44,0.05
CA Bladder Dyrskjot_37,GO:0010467|GO:0065004,MIMAT0005916,0,0.61,0.61,0.36,0.24,0.22,0.44,0.66,0.44,0.38,0.44
CA Bladder Dyrskjot_39,GO:0051056|GO:0007265|GO:0007264|GO:0035023,MIMAT0004762,0,0.78,0.78,0.37,0.21,0.40,0.45,0.53,0.71,0.19,0.71
CA Bladder Dyrskjot_54,GO:0031032|GO:0006936,MIMAT0002807,0,0.30,0.30,0.06,0.09,0.21,0.17,0.55,0.14,0.00,0.14
CA Bladder Dyrskjot_64,GO:0016567,MIMAT0004801,0,0.46,0.46,0.22,0.03,0.00,0.29,0.46,0.21,0.19,0.21
CA Bladder Dyrskjot_79,GO:0006805,MIMAT0004928|MIMAT0000251|MIMAT0002880,0,0.61,0.61,0.08,0.07,0.03,0.31,0.39,0.33,0.39,0.33
CA Bladder Dyrskjot_9,GO:0008152,MIMAT0001635|MIMAT0003285,0,0.70,0.70,0.46,0.26,0.31,0.53,0.69,0.53,0.47,0.53
CA Breast Richardson_15,GO:0060338,MIMAT0002816|MIMAT0004484,0,0.52,0.50,0.09,0.05,0.17,0.39,0.37,0.67,0.25,0.67
CA Breast Richardson_23,GO:0032411,MIMAT0015004|MIMAT0003164,0,0.25,0.25,0.01,0.00,0.02,0.24,0.00,0.08,0.00,0.08
CA Breast Richardson_65,GO:0007389|GO:0009952,MIMAT0005905,0,0.36,0.36,0.12,0.17,0.35,0.30,0.19,0.19,0.00,0.19
CA Breast Sorlie_16,GO:0016071|GO:0000398|GO:0000375|GO:0006368|GO:0050434|GO:0008380|GO:0006397,MIMAT0003244,0,0.48,0.48,0.24,0.24,0.12,0.31,0.57,0.24,0.22,0.24
CA Breast Sorlie_8,GO:0019827|GO:0031581|GO:0007044|GO:0048247|GO:0007275,MIMAT0002816|MIMAT0005906,0,0.61,0.61,0.38,0.42,0.60,0.64,0.46,0.44,0.19,0.44
CA Colon Graudens_10,GO:0006892,MIMAT0005572,0,0.24,0.24,0.00,0.00,0.00,0.36,0.06,0.00,0.00,0.00
CA Colon Graudens_41,GO:0016070|GO:0042273|GO:0016032|GO:0042274|GO:0019083|GO:0010467|GO:0019058|GO:0006350|GO:0006364|GO:0008152|GO:0044267|GO:0006415|GO:0006414|GO:0006412|GO:0006396|GO:0031018,MIMAT0005894,0,0.70,0.70,0.46,0.31,0.31,0.53,0.73,0.53,0.47,0.53
CA Colon Graudens_5,GO:0000375|GO:0000398|GO:0016071,MIMAT0005928,0,0.48,0.48,0.24,0.14,0.03,0.31,0.57,0.24,0.22,0.24
CA Renal Higgins_4,GO:0006413,MIMAT0004676,0,0.30,0.30,0.05,0.00,0.00,0.13,0.29,0.05,0.03,0.05
CCC Ovarian Hendrix_42,GO:0006367|GO:0006352,MIMAT0004801,0,0.33,0.33,0.09,0.00,0.00,0.16,0.42,0.09,0.07,0.09
CLL Lymphoma Alizadeh_7,GO:0009615|GO:0009607|GO:0019221|GO:0060337,MIMAT0005915,0,0.74,0.74,0.32,0.17,0.31,0.49,0.49,0.68,0.48,0.68
COID Lung Bhattacharjee_12,GO:0015031,MIMAT0002816|MIMAT0004779|MIMAT0004975|MIMAT0002881,0,0.42,0.42,0.18,0.00,0.04,0.62,0.24,0.25,0.00,0.25
COID Lung Bhattacharjee_2,GO:0016071|GO:0000245|GO:0000398|GO:0000375|GO:0008380|GO:0006397,MIMAT0003323,0,0.48,0.48,0.24,0.14,0.03,0.31,0.57,0.24,0.22,0.24
COID Lung Bhattacharjee_41,GO:0042311|GO:0050880|GO:0007588,MIMAT0005891,0,0.68,0.73,0.17,0.12,0.13,0.38,0.05,0.24,0.00,0.24
COID Lung Bhattacharjee_45,GO:0007389,MIMAT0004804,0,0.36,0.36,0.12,0.17,0.35,0.30,0.19,0.19,0.00,0.19
COID Lung Bhattacharjee_74,GO:0016070|GO:0016071|GO:0000398|GO:0010468|GO:0000375|GO:0010467|GO:0006350|GO:0008152|GO:0045449|GO:0008380|GO:0006396|GO:0006397,MIMAT0004777,0,0.78,0.78,0.53,0.39,0.38,0.53,0.73,0.60,0.47,0.60
COID Lung Bhattacharjee_75,GO:0010903,MIMAT0004911,0,0.26,0.31,0.16,0.06,0.15,0.00,0.20,0.00,0.00,0.00
COID Lung Bhattacharjee_84,GO:0046882,MIMAT0004804,0,0.39,0.37,0.19,0.00,0.15,0.12,0.00,0.00,0.00,0.00
DLBCL Lymphoma Alizadeh_3,GO:0016310|GO:0006468,MIMAT0004945,0,0.54,0.54,0.30,0.10,0.08,0.37,0.53,0.30,0.27,0.30
DLBCL Lymphoma Alizadeh_5,GO:0042493,MIMAT0004594|MIMAT0000228,0,0.56,0.56,0.06,0.03,0.00,0.37,0.35,0.39,0.24,0.39
DLBCL Lymphoma Alizadeh_7,GO:0016070|GO:0032495|GO:0006357|GO:0006366,MIMAT0004780|MIMAT0005797,0,0.66,0.66,0.42,0.31,0.25,0.48,0.73,0.47,0.38,0.47
END Ovarian Hendrix_38,GO:0000910|GO:0006139|GO:0051252|GO:0006355|GO:0010467|GO:0006350|GO:0008152|GO:0045449,MIMAT0004987,0,0.78,0.78,0.53,0.39,0.37,0.53,0.76,0.58,0.47,0.58
END Ovarian Hendrix_52,GO:0008652|GO:0006564|GO:0006563,MIMAT0007400,0,0.31,0.31,0.07,0.00,0.00,0.14,0.35,0.07,0.34,0.07
END Ovarian Hendrix_66,GO:0006024,MIMAT0000099,0,0.09,0.09,0.00,0.00,0.00,0.00,0.21,0.00,0.40,0.00
END Ovarian Hendrix_75,GO:0006357|GO:0007610|GO:0006366,MIMAT0002805,0,0.66,0.66,0.42,0.27,0.25,0.43,0.62,0.47,0.27,0.47
END Ovarian Hendrix_76,GO:0016070|GO:0006139|GO:0006350,MIMAT0004916,0,0.70,0.70,0.46,0.33,0.24,0.53,0.76,0.46,0.44,0.46
END Ovarian Hendrix_8,GO:0016070|GO:0031018|GO:0019083|GO:0000060|GO:0010467|GO:0019058|GO:0006350|GO:0006364|GO:0016032|GO:0006415|GO:0006414|GO:0006412,MIMAT0000682|MIMAT0000432,0,0.65,0.65,0.41,0.31,0.27,0.48,0.73,0.44,0.38,0.44
GCT Seminoma Korkola_0,GO:0032230|GO:0007389|GO:0045165|GO:0009952|GO:0007399|GO:0001705|GO:0016055|GO:0009790|GO:0009653|GO:0007275,MIMAT0005903,0,0.73,0.73,0.37,0.42,0.70,0.65,0.48,0.44,0.19,0.44
GCT Seminoma Korkola_100,GO:0022900|GO:0022904,MIMAT0004762,0,0.35,0.35,0.10,0.00,0.00,0.18,0.29,0.10,0.72,0.10
GCT Seminoma Korkola_109,GO:0008380|GO:0000398,MIMAT0005934,0,0.45,0.45,0.21,0.10,0.00,0.28,0.53,0.20,0.18,0.20
GCT Seminoma Korkola_112,GO:0006613|GO:0006612|GO:0000398|GO:0034660|GO:0051028|GO:0000288|GO:0006520|GO:0010467|GO:0006401|GO:0006402|GO:0008380|GO:0045184|GO:0000375|GO:0045333|GO:0008152|GO:0016070|GO:0016071|GO:0044237|GO:0006396|GO:0015031|GO:0009083|GO:0006397,MIMAT0004801|MIMAT0005916,0,0.76,0.76,0.52,0.31,0.31,0.62,0.73,0.53,0.72,0.53
GCT Seminoma Korkola_32,GO:0008015|GO:0016539|GO:0007186|GO:0048314,MIMAT0003276,0,0.80,0.80,0.38,0.23,0.37,0.46,0.55,0.49,0.20,0.49
GCT Seminoma Korkola_35,GO:0044255|GO:0006695|GO:0006629|GO:0055114|GO:0008203,MIMAT0000072,0,0.51,0.51,0.26,0.07,0.09,0.34,0.50,0.31,0.63,0.31
GCT Seminoma Korkola_36,GO:0007389|GO:0021570|GO:0007275|GO:0030902|GO:0009790,MIMAT0000226|MIMAT0001080,0,0.61,0.61,0.37,0.42,0.60,0.55,0.44,0.44,0.19,0.44
GCT Seminoma Korkola_38,GO:0016070|GO:0010467|GO:0000085,MIMAT0000722,0,0.65,0.65,0.41,0.31,0.22,0.48,0.73,0.44,0.38,0.44
GCT Seminoma Korkola_42,GO:0016070|GO:0006139|GO:0006270|GO:0042254|GO:0006364|GO:0006396,MIMAT0003307|MIMAT0000450|MIMAT0005826,0,0.70,0.70,0.46,0.33,0.24,0.53,0.76,0.46,0.44,0.46
GCT Seminoma Korkola_48,GO:0051970|GO:0007268,MIMAT0003150,0,0.76,0.76,0.38,0.00,0.40,0.29,0.28,0.21,0.04,0.21
GCT Seminoma Korkola_56,GO:0008595,MIMAT0005917|MIMAT0004772,0,0.00,0.00,0.00,0.00,0.00,0.00,0.00,0.00,0.00,0.00
GCT Seminoma Korkola_69,GO:0007517|GO:0006936,MIMAT0000690,0,0.30,0.30,0.06,0.10,0.33,0.37,0.13,0.14,0.00,0.14
GCT Seminoma Korkola_70,GO:0022008|GO:0007399,MIMAT0004982,0,0.52,0.52,0.28,0.31,0.53,0.55,0.34,0.33,0.10,0.33
GCT Seminoma Korkola_85,GO:0006703|GO:0042445|GO:0042446|GO:0007565|GO:0008210|GO:0006694|GO:0008202,MIMAT0002821|MIMAT0000256|MIMAT0000257|MIMAT0000258,0,0.47,0.47,0.23,0.18,0.09,0.17,0.36,0.31,0.15,0.31
GCT Seminoma Korkola_89,GO:0030154|GO:0048468|GO:0045449|GO:0007275|GO:0007417|GO:0007389|GO:0045664|GO:0045666|GO:0021954|GO:0021871|GO:0030182|GO:0048593|GO:0048709|GO:0051593|GO:0001654|GO:0022008|GO:0009952|GO:0007420|GO:0007399|GO:0006355|GO:0030900|GO:0043010,MIMAT0003232|MIMAT0005908,0,0.78,0.78,0.53,0.42,0.66,0.72,0.71,0.58,0.36,0.58
GCT Seminoma Korkola_92,GO:0009298,MIMAT0003228,0,0.02,0.02,0.00,0.00,0.00,0.00,0.08,0.00,0.47,0.00
GCT Seminoma Korkola_95,GO:0016070|GO:0006139|GO:0010467|GO:0006350|GO:0010468|GO:0006396,MIMAT0003285|MIMAT0005799,0,0.76,0.76,0.52,0.35,0.38,0.53,0.76,0.60,0.44,0.60
GL Brain Bredel_72,GO:0070373,MIMAT0004957,0,0.47,0.65,0.28,0.00,0.12,0.09,0.16,0.38,0.00,0.38
GL Brain Bredel_75,GO:0006415|GO:0006414|GO:0019083|GO:0031018,MIMAT0004921,0,0.32,0.32,0.07,0.07,0.27,0.31,0.53,0.07,0.05,0.07
GL Brain Rickman_1,GO:0016071|GO:0031123|GO:0000398|GO:0000375|GO:0006396|GO:0008152|GO:0008380|GO:0006406|GO:0006397,MIMAT0005799|MIMAT0003161,0,0.70,0.70,0.46,0.26,0.31,0.53,0.69,0.53,0.47,0.53
GL Brain Rickman_11,GO:0044237|GO:0000398|GO:0008152|GO:0016254|GO:0008380|GO:0006397,MIMAT0003328,0,0.76,0.76,0.52,0.27,0.31,0.59,0.70,0.53,0.49,0.53
GL Brain Rickman_17,GO:0015844,MIMAT0004766,0,0.17,0.17,0.00,0.00,0.00,0.37,0.00,0.00,0.00,0.00
GL Brain Rickman_34,GO:0007187|GO:0006972,MIMAT0004602,0,0.66,0.66,0.25,0.09,0.23,0.33,0.41,0.35,0.07,0.35
GL Brain Rickman_9,GO:0006370|GO:0019083|GO:0050434,MIMAT0005871,0,0.40,0.38,0.13,0.24,0.12,0.15,0.40,0.18,0.05,0.18
GLB Brain Sun_18,GO:0016070|GO:0006139|GO:0006355|GO:0010467|GO:0006350|GO:0008152|GO:0045449,MIMAT0003331|MIMAT0002824,0,0.78,0.78,0.53,0.39,0.37,0.53,0.76,0.58,0.47,0.58
GLB Brain Sun_37,GO:0060338,MIMAT0005907,0,0.52,0.50,0.09,0.05,0.17,0.39,0.37,0.67,0.25,0.67
GLB Brain Sun_50,GO:0006412,MIMAT0003285|MIMAT0005949,0,0.47,0.47,0.23,0.04,0.02,0.30,0.47,0.23,0.21,0.23
GLB Brain Sun_57,GO:0009887|GO:0001707|GO:0007369|GO:0048339|GO:0001501|GO:0001756,MIMAT0004971,0,0.42,0.42,0.17,0.22,0.60,0.55,0.24,0.25,0.00,0.25
GLB Brain Sun_63,GO:0009653,MIMAT0004982,0,0.51,0.51,0.27,0.32,0.70,0.65,0.34,0.35,0.09,0.35
GLB Brain Sun_71,GO:0016070|GO:0044267|GO:0048856|GO:0016032|GO:0042274|GO:0019083|GO:0042254|GO:0007275|GO:0010467|GO:0019058|GO:0006350|GO:0006364|GO:0008152|GO:0006415|GO:0006414|GO:0006413|GO:0006412|GO:0006396|GO:0031018,MIMAT0005827,0,0.70,0.70,0.46,0.42,0.61,0.56,0.73,0.53,0.47,0.53
GLB Brain Sun_8,GO:0016070|GO:0006355|GO:0010467|GO:0045449|GO:0006351|GO:0006350,MIMAT0004597|MIMAT0002872,0,0.78,0.78,0.53,0.39,0.37,0.48,0.73,0.58,0.38,0.58
HSCC Head-Neck Chung_6,GO:0006139,MIMAT0004801,0,0.70,0.70,0.46,0.33,0.24,0.53,0.76,0.46,0.44,0.46
HSCC Head-Neck Cromer_4,GO:0006396,MIMAT0003325,0,0.51,0.51,0.27,0.17,0.05,0.34,0.59,0.27,0.24,0.27
ILC Breast Radvanyi_11,GO:0048863,MIMAT0004761,0,0.23,0.23,0.00,0.00,0.22,0.25,0.05,0.00,0.00,0.00
ME Melanoma Hoek_26,GO:0043473|GO:0006767|GO:0030318|GO:0006582|GO:0048066|GO:0046326,MIMAT0003242,0,0.29,0.29,0.04,0.00,0.16,0.28,0.21,0.12,0.33,0.12
ML Melanoma Talantov_21,GO:0006631|GO:0006629|GO:0006082|GO:0046168|GO:0016051|GO:0006111|GO:0044255,MIMAT0004909,0,0.51,0.51,0.27,0.07,0.09,0.34,0.50,0.31,0.60,0.31
ML Melanoma Talantov_29,GO:0016070|GO:0006139|GO:0031018|GO:0042274|GO:0019083|GO:0010467|GO:0019058|GO:0006350|GO:0006351|GO:0016032|GO:0006415|GO:0006414|GO:0006412,MIMAT0005908,0,0.70,0.70,0.46,0.33,0.27,0.53,0.76,0.46,0.44,0.46
MM Myeloma Zhan_10,GO:0016071|GO:0000398|GO:0000375|GO:0010467|GO:0044237|GO:0008152|GO:0006412,MIMAT0005893,0,0.76,0.76,0.52,0.27,0.31,0.59,0.70,0.53,0.49,0.53
MM Myeloma Zhan_16,GO:0009725|GO:0051384|GO:0048545,MIMAT0000447,0,0.66,0.66,0.15,0.12,0.08,0.46,0.45,0.49,0.34,0.49
MM Myeloma Zhan_17,GO:0016071,MIMAT0002817|MIMAT0015072|MIMAT0006764|MIMAT0005793|MIMAT0005792|MIMAT0000510,0,0.48,0.48,0.24,0.14,0.03,0.31,0.57,0.24,0.22,0.24
MM Myeloma Zhan_21,GO:0048705|GO:0001501|GO:0001503|GO:0060349|GO:0060348,MIMAT0000261,0,0.34,0.34,0.09,0.14,0.43,0.38,0.16,0.17,0.00,0.17
MM Myeloma Zhan_43,GO:0016071|GO:0050658|GO:0000398|GO:0006396|GO:0051028|GO:0008380|GO:0006406|GO:0006397,MIMAT0000422|MIMAT0000078|MIMAT0000418,0,0.51,0.51,0.27,0.17,0.05,0.44,0.59,0.27,0.24,0.27
MM Myeloma Zhan_9,GO:0006805,MIMAT0000441|MIMAT0000455,0,0.61,0.61,0.08,0.07,0.03,0.31,0.39,0.33,0.39,0.33
MPC Prostate Dhanasekaran_35,GO:0051603|GO:0030163,MIMAT0000264,0,0.43,0.43,0.19,0.00,0.00,0.26,0.43,0.20,0.58,0.20
MPM Mesothelioma Gordon_21,GO:0006369|GO:0031124|GO:0006406,MIMAT0003285,0,0.27,0.27,0.02,0.00,0.00,0.38,0.35,0.02,0.00,0.02
MPM Mesothelioma Gordon_41,GO:0060213|GO:0009612|GO:0010467|GO:0051591|GO:0009416|GO:0009649|GO:0051789,MIMAT0002829|MIMAT0000736,0,0.61,0.61,0.36,0.24,0.22,0.44,0.66,0.44,0.38,0.44
MPM Mesothelioma Gordon_48,GO:0016070|GO:0031016|GO:0031018|GO:0019083|GO:0044237|GO:0010467|GO:0006350|GO:0008152|GO:0006415|GO:0006414|GO:0006412,MIMAT0003225|MIMAT0003274,0,0.76,0.76,0.52,0.31,0.31,0.59,0.73,0.53,0.49,0.53
MPM Mesothelioma Gordon_51,GO:0001501|GO:0001503|GO:0030512|GO:0060348,MIMAT0003273|MIMAT0000729,0,0.60,0.77,0.40,0.14,0.37,0.32,0.28,0.50,0.00,0.50
MPM Mesothelioma Gordon_52,GO:0006040,MIMAT0003274,0,0.19,0.19,0.00,0.00,0.00,0.02,0.14,0.00,0.62,0.00
MPM Mesothelioma Gordon_53,GO:0042110,MIMAT0005827,0,0.41,0.41,0.17,0.00,0.00,0.24,0.23,0.71,0.00,0.71
MPM Mesothelioma Gordon_56,GO:0044255|GO:0006629,MIMAT0004801|MIMAT0003263,0,0.51,0.51,0.26,0.07,0.09,0.34,0.50,0.31,0.29,0.31
MPM Mesothelioma Gordon_63,GO:0016070|GO:0010467,MIMAT0019013|MIMAT0018990|MIMAT0004798|MIMAT0018972|MIMAT0019079|MIMAT0019076|MIMAT0019024|MIMAT0018938|MIMAT0018928|MIMAT0018447|MIMAT0005928|MIMAT0018969|MIMAT0018989|MIMAT0018954|MIMAT0018946|MIMAT0004812|MIMAT0004803|MIMAT0003285|MIMAT0004806|MIMAT0005935|MIMAT0005875,0,0.65,0.65,0.41,0.31,0.22,0.48,0.73,0.44,0.38,0.44
MUC Ovarian Hendrix_15,GO:0006139|GO:0010467,MIMAT0004987|MIMAT0004692,0,0.70,0.70,0.46,0.33,0.24,0.53,0.76,0.46,0.44,0.46
MUC Ovarian Hendrix_24,GO:0007186,MIMAT0004682,0,0.80,0.80,0.38,0.23,0.37,0.46,0.55,0.49,0.20,0.49
MUC Ovarian Hendrix_30,GO:0045454,MIMAT0003305,0,0.40,0.40,0.16,0.26,0.00,0.08,0.07,0.21,0.00,0.21
MUC Ovarian Hendrix_44,GO:0032465,MIMAT0000274,0,0.21,0.21,0.00,0.00,0.00,0.00,0.00,0.02,0.00,0.02
OD Brain Bredel_21,GO:0006412,MIMAT0003285|MIMAT0000721,0,0.47,0.47,0.23,0.04,0.02,0.30,0.47,0.23,0.21,0.23
ODGL Brain Sun_10,GO:0016070|GO:0045449|GO:0010467|GO:0006350|GO:0008152,MIMAT0000241,0,0.78,0.78,0.53,0.39,0.37,0.53,0.73,0.58,0.47,0.58
ODGL Brain Sun_28,GO:0009615|GO:0009607,MIMAT0004675,0,0.65,0.65,0.14,0.11,0.07,0.45,0.44,0.57,0.09,0.61
ODGL Brain Sun_38,GO:0031018|GO:0021530|GO:0019083|GO:0007275|GO:0042273|GO:0044267|GO:0042274|GO:0042254|GO:0010467|GO:0019058|GO:0006364|GO:0048663|GO:0008152|GO:0021779|GO:0016070|GO:0048856|GO:0006350|GO:0016032|GO:0006415|GO:0006414|GO:0006413|GO:0006412|GO:0006396,MIMAT0007347,0,0.70,0.70,0.46,0.42,0.61,0.56,0.73,0.53,0.47,0.53
ODGL Brain Sun_50,GO:0016070|GO:0006139|GO:0010467|GO:0008152|GO:0006418,MIMAT0000274|MIMAT0003285,0,0.70,0.70,0.46,0.33,0.31,0.53,0.76,0.53,0.47,0.53
ODGL Brain Sun_7,GO:0016071,MIMAT0005882,0,0.48,0.48,0.24,0.14,0.03,0.31,0.57,0.24,0.22,0.24
PPC Prostate Dhanasekaran_37,GO:0042273|GO:0031018|GO:0019083|GO:0042254|GO:0010467|GO:0019058|GO:0006350|GO:0016032|GO:0006415|GO:0006414|GO:0006412,MIMAT0003216,0,0.65,0.65,0.41,0.31,0.27,0.48,0.73,0.44,0.38,0.44
PPC Prostate Dhanasekaran_41,GO:0006417,MIMAT0001412|MIMAT0000072|MIMAT0000721,0,0.50,0.50,0.26,0.06,0.09,0.18,0.34,0.31,0.08,0.31
RCCC Renal Lenburg_2,GO:0031018|GO:0019083|GO:0042255|GO:0019058|GO:0006415|GO:0006414,MIMAT0019897|MIMAT0002870|MIMAT0003180,0,0.32,0.32,0.07,0.07,0.27,0.31,0.53,0.14,0.05,0.14
SMCL Lung Bhattacharjee_20,GO:0051028,MIMAT0004748,0,0.23,0.23,0.00,0.00,0.00,0.43,0.05,0.06,0.00,0.06
SMCL Lung Bhattacharjee_22,GO:0016070|GO:0006139|GO:0050658|GO:0046907|GO:0016071|GO:0006613|GO:0006288|GO:0008380|GO:0044419|GO:0000375|GO:0010467|GO:0000398|GO:0046796|GO:0051028|GO:0006405|GO:0006396|GO:0006397,MIMAT0005916,0,0.70,0.70,0.46,0.33,0.24,0.62,0.76,0.46,0.44,0.46
SMCL Lung Bhattacharjee_34,GO:0006370,MIMAT0005871,0,0.18,0.18,0.00,0.00,0.00,0.01,0.27,0.00,0.00,0.00
SMCL Lung Bhattacharjee_47,GO:0001942|GO:0048699,MIMAT0005931,0,0.51,0.51,0.27,0.24,0.51,0.54,0.34,0.27,0.09,0.27
SMCL Lung Bhattacharjee_55,GO:0007631|GO:0050804,MIMAT0004801,0,0.72,0.70,0.23,0.00,0.47,0.26,0.24,0.29,0.00,0.29
SMCL Lung Bhattacharjee_59,GO:0045627,MIMAT0004692,0,0.22,0.20,0.00,0.00,0.31,0.00,0.00,0.47,0.00,0.47
SQ Lung Bhattacharjee_46,GO:0016070|GO:0006139|GO:0016032|GO:0019083|GO:0010467|GO:0009058|GO:0019058|GO:0008152|GO:0031573|GO:0006415|GO:0006414|GO:0006412|GO:0031018,MIMAT0003320,0,0.70,0.70,0.46,0.33,0.31,0.53,0.76,0.53,0.47,0.53
SQ Lung Bhattacharjee_52,GO:0008544|GO:0030216,MIMAT0003329,0,0.30,0.30,0.06,0.11,0.33,0.55,0.12,0.13,0.00,0.13
SRS Ovarian Hendrix_1,GO:0006139|GO:0010467|GO:0045449,MIMAT0003311|MIMAT0001639,0,0.78,0.78,0.53,0.39,0.37,0.53,0.76,0.58,0.44,0.58
SRS Ovarian Hendrix_11,GO:0019058|GO:0019083|GO:0031018,MIMAT0004801|MIMAT0000703,0,0.32,0.32,0.07,0.04,0.27,0.31,0.40,0.14,0.05,0.14
SRS Ovarian Hendrix_26,GO:0008333,MIMAT0000771,0,0.14,0.14,0.00,0.00,0.00,0.26,0.00,0.00,0.00,0.00
TU Prostate Lapointe_1,GO:0018243|GO:0018242|GO:0009100|GO:0006486,MIMAT0004801|MIMAT0000083|MIMAT0000082|MIMAT0005886,0,0.40,0.40,0.16,0.00,0.00,0.23,0.40,0.16,0.67,0.16
TU Prostate Lapointe_38,GO:0060333,MIMAT0003303|MIMAT0005791,0,0.60,0.60,0.18,0.14,0.17,0.48,0.47,0.67,0.34,0.67